CustomerKey,CustomerCode,CustomerType
1,CUST-0001,Pessoa física
2,CUST-0002,Pessoa física
3,CUST-0003,Pessoa física
4,CUST-0004,Pessoa física
5,CUST-0005,Pessoa jurídica
6,CUST-0006,Pessoa física
7,CUST-0007,Pessoa física
8,CUST-0008,Pessoa física
9,CUST-0009,Pessoa física
10,CUST-0010,Pessoa jurídica
11,CUST-0011,Pessoa física
12,CUST-0012,Pessoa física
13,CUST-0013,Pessoa física
14,CUST-0014,Pessoa física
15,CUST-0015,Pessoa jurídica
16,CUST-0016,Pessoa física
17,CUST-0017,Pessoa física
18,CUST-0018,Pessoa física
19,CUST-0019,Pessoa física
20,CUST-0020,Pessoa jurídica
21,CUST-0021,Pessoa física
22,CUST-0022,Pessoa física
23,CUST-0023,Pessoa física
24,CUST-0024,Pessoa física
25,CUST-0025,Pessoa jurídica
26,CUST-0026,Pessoa física
27,CUST-0027,Pessoa física
28,CUST-0028,Pessoa física
29,CUST-0029,Pessoa física
30,CUST-0030,Pessoa jurídica
31,CUST-0031,Pessoa física
32,CUST-0032,Pessoa física
33,CUST-0033,Pessoa física
34,CUST-0034,Pessoa física
35,CUST-0035,Pessoa jurídica
36,CUST-0036,Pessoa física
37,CUST-0037,Pessoa física
38,CUST-0038,Pessoa física
39,CUST-0039,Pessoa física
40,CUST-0040,Pessoa jurídica
41,CUST-0041,Pessoa física
42,CUST-0042,Pessoa física
43,CUST-0043,Pessoa física
44,CUST-0044,Pessoa física
45,CUST-0045,Pessoa jurídica
46,CUST-0046,Pessoa física
47,CUST-0047,Pessoa física
48,CUST-0048,Pessoa física
49,CUST-0049,Pessoa física
50,CUST-0050,Pessoa jurídica
51,CUST-0051,Pessoa física
52,CUST-0052,Pessoa física
53,CUST-0053,Pessoa física
54,CUST-0054,Pessoa física
55,CUST-0055,Pessoa jurídica
56,CUST-0056,Pessoa física
57,CUST-0057,Pessoa física
58,CUST-0058,Pessoa física
59,CUST-0059,Pessoa física
60,CUST-0060,Pessoa jurídica
61,CUST-0061,Pessoa física
62,CUST-0062,Pessoa física
63,CUST-0063,Pessoa física
64,CUST-0064,Pessoa física
65,CUST-0065,Pessoa jurídica
66,CUST-0066,Pessoa física
67,CUST-0067,Pessoa física
68,CUST-0068,Pessoa física
69,CUST-0069,Pessoa física
70,CUST-0070,Pessoa jurídica
71,CUST-0071,Pessoa física
72,CUST-0072,Pessoa física
73,CUST-0073,Pessoa física
74,CUST-0074,Pessoa física
75,CUST-0075,Pessoa jurídica
76,CUST-0076,Pessoa física
77,CUST-0077,Pessoa física
78,CUST-0078,Pessoa física
79,CUST-0079,Pessoa física
80,CUST-0080,Pessoa jurídica
81,CUST-0081,Pessoa física
82,CUST-0082,Pessoa física
83,CUST-0083,Pessoa física
84,CUST-0084,Pessoa física
85,CUST-0085,Pessoa jurídica
86,CUST-0086,Pessoa física
87,CUST-0087,Pessoa física
88,CUST-0088,Pessoa física
89,CUST-0089,Pessoa física
90,CUST-0090,Pessoa jurídica
91,CUST-0091,Pessoa física
92,CUST-0092,Pessoa física
93,CUST-0093,Pessoa física
94,CUST-0094,Pessoa física
95,CUST-0095,Pessoa jurídica
96,CUST-0096,Pessoa física
97,CUST-0097,Pessoa física
98,CUST-0098,Pessoa física
99,CUST-0099,Pessoa física
100,CUST-0100,Pessoa jurídica
101,CUST-0101,Pessoa física
102,CUST-0102,Pessoa física
103,CUST-0103,Pessoa física
104,CUST-0104,Pessoa física
105,CUST-0105,Pessoa jurídica
106,CUST-0106,Pessoa física
107,CUST-0107,Pessoa física
108,CUST-0108,Pessoa física
109,CUST-0109,Pessoa física
110,CUST-0110,Pessoa jurídica
111,CUST-0111,Pessoa física
112,CUST-0112,Pessoa física
113,CUST-0113,Pessoa física
114,CUST-0114,Pessoa física
115,CUST-0115,Pessoa jurídica
116,CUST-0116,Pessoa física
117,CUST-0117,Pessoa física
118,CUST-0118,Pessoa física
119,CUST-0119,Pessoa física
120,CUST-0120,Pessoa jurídica
121,CUST-0121,Pessoa física
122,CUST-0122,Pessoa física
123,CUST-0123,Pessoa física
124,CUST-0124,Pessoa física
125,CUST-0125,Pessoa jurídica
126,CUST-0126,Pessoa física
127,CUST-0127,Pessoa física
128,CUST-0128,Pessoa física
129,CUST-0129,Pessoa física
130,CUST-0130,Pessoa jurídica
131,CUST-0131,Pessoa física
132,CUST-0132,Pessoa física
133,CUST-0133,Pessoa física
134,CUST-0134,Pessoa física
135,CUST-0135,Pessoa jurídica
136,CUST-0136,Pessoa física
137,CUST-0137,Pessoa física
138,CUST-0138,Pessoa física
139,CUST-0139,Pessoa física
140,CUST-0140,Pessoa jurídica
141,CUST-0141,Pessoa física
142,CUST-0142,Pessoa física
143,CUST-0143,Pessoa física
144,CUST-0144,Pessoa física
145,CUST-0145,Pessoa jurídica
146,CUST-0146,Pessoa física
147,CUST-0147,Pessoa física
148,CUST-0148,Pessoa física
149,CUST-0149,Pessoa física
150,CUST-0150,Pessoa jurídica
151,CUST-0151,Pessoa física
152,CUST-0152,Pessoa física
153,CUST-0153,Pessoa física
154,CUST-0154,Pessoa física
155,CUST-0155,Pessoa jurídica
156,CUST-0156,Pessoa física
157,CUST-0157,Pessoa física
158,CUST-0158,Pessoa física
159,CUST-0159,Pessoa física
160,CUST-0160,Pessoa jurídica
161,CUST-0161,Pessoa física
162,CUST-0162,Pessoa física
163,CUST-0163,Pessoa física
164,CUST-0164,Pessoa física
165,CUST-0165,Pessoa jurídica
166,CUST-0166,Pessoa física
167,CUST-0167,Pessoa física
168,CUST-0168,Pessoa física
169,CUST-0169,Pessoa física
170,CUST-0170,Pessoa jurídica
171,CUST-0171,Pessoa física
172,CUST-0172,Pessoa física
173,CUST-0173,Pessoa física
174,CUST-0174,Pessoa física
175,CUST-0175,Pessoa jurídica
176,CUST-0176,Pessoa física
177,CUST-0177,Pessoa física
178,CUST-0178,Pessoa física
179,CUST-0179,Pessoa física
180,CUST-0180,Pessoa jurídica
