DateKey,Date,Year,Quarter,MonthNumber,MonthName,YearMonth,YearMonthSort
20130901,2013-09-01,2013,Q3,9,September,2013-09,201309
20130902,2013-09-02,2013,Q3,9,September,2013-09,201309
20130903,2013-09-03,2013,Q3,9,September,2013-09,201309
20130904,2013-09-04,2013,Q3,9,September,2013-09,201309
20130905,2013-09-05,2013,Q3,9,September,2013-09,201309
20130906,2013-09-06,2013,Q3,9,September,2013-09,201309
20130907,2013-09-07,2013,Q3,9,September,2013-09,201309
20130908,2013-09-08,2013,Q3,9,September,2013-09,201309
20130909,2013-09-09,2013,Q3,9,September,2013-09,201309
20130910,2013-09-10,2013,Q3,9,September,2013-09,201309
20130911,2013-09-11,2013,Q3,9,September,2013-09,201309
20130912,2013-09-12,2013,Q3,9,September,2013-09,201309
20130913,2013-09-13,2013,Q3,9,September,2013-09,201309
20130914,2013-09-14,2013,Q3,9,September,2013-09,201309
20130915,2013-09-15,2013,Q3,9,September,2013-09,201309
20130916,2013-09-16,2013,Q3,9,September,2013-09,201309
20130917,2013-09-17,2013,Q3,9,September,2013-09,201309
20130918,2013-09-18,2013,Q3,9,September,2013-09,201309
20130919,2013-09-19,2013,Q3,9,September,2013-09,201309
20130920,2013-09-20,2013,Q3,9,September,2013-09,201309
20130921,2013-09-21,2013,Q3,9,September,2013-09,201309
20130922,2013-09-22,2013,Q3,9,September,2013-09,201309
20130923,2013-09-23,2013,Q3,9,September,2013-09,201309
20130924,2013-09-24,2013,Q3,9,September,2013-09,201309
20130925,2013-09-25,2013,Q3,9,September,2013-09,201309
20130926,2013-09-26,2013,Q3,9,September,2013-09,201309
20130927,2013-09-27,2013,Q3,9,September,2013-09,201309
20130928,2013-09-28,2013,Q3,9,September,2013-09,201309
20130929,2013-09-29,2013,Q3,9,September,2013-09,201309
20130930,2013-09-30,2013,Q3,9,September,2013-09,201309
20131001,2013-10-01,2013,Q4,10,October,2013-10,201310
20131002,2013-10-02,2013,Q4,10,October,2013-10,201310
20131003,2013-10-03,2013,Q4,10,October,2013-10,201310
20131004,2013-10-04,2013,Q4,10,October,2013-10,201310
20131005,2013-10-05,2013,Q4,10,October,2013-10,201310
20131006,2013-10-06,2013,Q4,10,October,2013-10,201310
20131007,2013-10-07,2013,Q4,10,October,2013-10,201310
20131008,2013-10-08,2013,Q4,10,October,2013-10,201310
20131009,2013-10-09,2013,Q4,10,October,2013-10,201310
20131010,2013-10-10,2013,Q4,10,October,2013-10,201310
20131011,2013-10-11,2013,Q4,10,October,2013-10,201310
20131012,2013-10-12,2013,Q4,10,October,2013-10,201310
20131013,2013-10-13,2013,Q4,10,October,2013-10,201310
20131014,2013-10-14,2013,Q4,10,October,2013-10,201310
20131015,2013-10-15,2013,Q4,10,October,2013-10,201310
20131016,2013-10-16,2013,Q4,10,October,2013-10,201310
20131017,2013-10-17,2013,Q4,10,October,2013-10,201310
20131018,2013-10-18,2013,Q4,10,October,2013-10,201310
20131019,2013-10-19,2013,Q4,10,October,2013-10,201310
20131020,2013-10-20,2013,Q4,10,October,2013-10,201310
20131021,2013-10-21,2013,Q4,10,October,2013-10,201310
20131022,2013-10-22,2013,Q4,10,October,2013-10,201310
20131023,2013-10-23,2013,Q4,10,October,2013-10,201310
20131024,2013-10-24,2013,Q4,10,October,2013-10,201310
20131025,2013-10-25,2013,Q4,10,October,2013-10,201310
20131026,2013-10-26,2013,Q4,10,October,2013-10,201310
20131027,2013-10-27,2013,Q4,10,October,2013-10,201310
20131028,2013-10-28,2013,Q4,10,October,2013-10,201310
20131029,2013-10-29,2013,Q4,10,October,2013-10,201310
20131030,2013-10-30,2013,Q4,10,October,2013-10,201310
20131031,2013-10-31,2013,Q4,10,October,2013-10,201310
20131101,2013-11-01,2013,Q4,11,November,2013-11,201311
20131102,2013-11-02,2013,Q4,11,November,2013-11,201311
20131103,2013-11-03,2013,Q4,11,November,2013-11,201311
20131104,2013-11-04,2013,Q4,11,November,2013-11,201311
20131105,2013-11-05,2013,Q4,11,November,2013-11,201311
20131106,2013-11-06,2013,Q4,11,November,2013-11,201311
20131107,2013-11-07,2013,Q4,11,November,2013-11,201311
20131108,2013-11-08,2013,Q4,11,November,2013-11,201311
20131109,2013-11-09,2013,Q4,11,November,2013-11,201311
20131110,2013-11-10,2013,Q4,11,November,2013-11,201311
20131111,2013-11-11,2013,Q4,11,November,2013-11,201311
20131112,2013-11-12,2013,Q4,11,November,2013-11,201311
20131113,2013-11-13,2013,Q4,11,November,2013-11,201311
20131114,2013-11-14,2013,Q4,11,November,2013-11,201311
20131115,2013-11-15,2013,Q4,11,November,2013-11,201311
20131116,2013-11-16,2013,Q4,11,November,2013-11,201311
20131117,2013-11-17,2013,Q4,11,November,2013-11,201311
20131118,2013-11-18,2013,Q4,11,November,2013-11,201311
20131119,2013-11-19,2013,Q4,11,November,2013-11,201311
20131120,2013-11-20,2013,Q4,11,November,2013-11,201311
20131121,2013-11-21,2013,Q4,11,November,2013-11,201311
20131122,2013-11-22,2013,Q4,11,November,2013-11,201311
20131123,2013-11-23,2013,Q4,11,November,2013-11,201311
20131124,2013-11-24,2013,Q4,11,November,2013-11,201311
20131125,2013-11-25,2013,Q4,11,November,2013-11,201311
20131126,2013-11-26,2013,Q4,11,November,2013-11,201311
20131127,2013-11-27,2013,Q4,11,November,2013-11,201311
20131128,2013-11-28,2013,Q4,11,November,2013-11,201311
20131129,2013-11-29,2013,Q4,11,November,2013-11,201311
20131130,2013-11-30,2013,Q4,11,November,2013-11,201311
20131201,2013-12-01,2013,Q4,12,December,2013-12,201312
20131202,2013-12-02,2013,Q4,12,December,2013-12,201312
20131203,2013-12-03,2013,Q4,12,December,2013-12,201312
20131204,2013-12-04,2013,Q4,12,December,2013-12,201312
20131205,2013-12-05,2013,Q4,12,December,2013-12,201312
20131206,2013-12-06,2013,Q4,12,December,2013-12,201312
20131207,2013-12-07,2013,Q4,12,December,2013-12,201312
20131208,2013-12-08,2013,Q4,12,December,2013-12,201312
20131209,2013-12-09,2013,Q4,12,December,2013-12,201312
20131210,2013-12-10,2013,Q4,12,December,2013-12,201312
20131211,2013-12-11,2013,Q4,12,December,2013-12,201312
20131212,2013-12-12,2013,Q4,12,December,2013-12,201312
20131213,2013-12-13,2013,Q4,12,December,2013-12,201312
20131214,2013-12-14,2013,Q4,12,December,2013-12,201312
20131215,2013-12-15,2013,Q4,12,December,2013-12,201312
20131216,2013-12-16,2013,Q4,12,December,2013-12,201312
20131217,2013-12-17,2013,Q4,12,December,2013-12,201312
20131218,2013-12-18,2013,Q4,12,December,2013-12,201312
20131219,2013-12-19,2013,Q4,12,December,2013-12,201312
20131220,2013-12-20,2013,Q4,12,December,2013-12,201312
20131221,2013-12-21,2013,Q4,12,December,2013-12,201312
20131222,2013-12-22,2013,Q4,12,December,2013-12,201312
20131223,2013-12-23,2013,Q4,12,December,2013-12,201312
20131224,2013-12-24,2013,Q4,12,December,2013-12,201312
20131225,2013-12-25,2013,Q4,12,December,2013-12,201312
20131226,2013-12-26,2013,Q4,12,December,2013-12,201312
20131227,2013-12-27,2013,Q4,12,December,2013-12,201312
20131228,2013-12-28,2013,Q4,12,December,2013-12,201312
20131229,2013-12-29,2013,Q4,12,December,2013-12,201312
20131230,2013-12-30,2013,Q4,12,December,2013-12,201312
20131231,2013-12-31,2013,Q4,12,December,2013-12,201312
20140101,2014-01-01,2014,Q1,1,January,2014-01,201401
20140102,2014-01-02,2014,Q1,1,January,2014-01,201401
20140103,2014-01-03,2014,Q1,1,January,2014-01,201401
20140104,2014-01-04,2014,Q1,1,January,2014-01,201401
20140105,2014-01-05,2014,Q1,1,January,2014-01,201401
20140106,2014-01-06,2014,Q1,1,January,2014-01,201401
20140107,2014-01-07,2014,Q1,1,January,2014-01,201401
20140108,2014-01-08,2014,Q1,1,January,2014-01,201401
20140109,2014-01-09,2014,Q1,1,January,2014-01,201401
20140110,2014-01-10,2014,Q1,1,January,2014-01,201401
20140111,2014-01-11,2014,Q1,1,January,2014-01,201401
20140112,2014-01-12,2014,Q1,1,January,2014-01,201401
20140113,2014-01-13,2014,Q1,1,January,2014-01,201401
20140114,2014-01-14,2014,Q1,1,January,2014-01,201401
20140115,2014-01-15,2014,Q1,1,January,2014-01,201401
20140116,2014-01-16,2014,Q1,1,January,2014-01,201401
20140117,2014-01-17,2014,Q1,1,January,2014-01,201401
20140118,2014-01-18,2014,Q1,1,January,2014-01,201401
20140119,2014-01-19,2014,Q1,1,January,2014-01,201401
20140120,2014-01-20,2014,Q1,1,January,2014-01,201401
20140121,2014-01-21,2014,Q1,1,January,2014-01,201401
20140122,2014-01-22,2014,Q1,1,January,2014-01,201401
20140123,2014-01-23,2014,Q1,1,January,2014-01,201401
20140124,2014-01-24,2014,Q1,1,January,2014-01,201401
20140125,2014-01-25,2014,Q1,1,January,2014-01,201401
20140126,2014-01-26,2014,Q1,1,January,2014-01,201401
20140127,2014-01-27,2014,Q1,1,January,2014-01,201401
20140128,2014-01-28,2014,Q1,1,January,2014-01,201401
20140129,2014-01-29,2014,Q1,1,January,2014-01,201401
20140130,2014-01-30,2014,Q1,1,January,2014-01,201401
20140131,2014-01-31,2014,Q1,1,January,2014-01,201401
20140201,2014-02-01,2014,Q1,2,February,2014-02,201402
20140202,2014-02-02,2014,Q1,2,February,2014-02,201402
20140203,2014-02-03,2014,Q1,2,February,2014-02,201402
20140204,2014-02-04,2014,Q1,2,February,2014-02,201402
20140205,2014-02-05,2014,Q1,2,February,2014-02,201402
20140206,2014-02-06,2014,Q1,2,February,2014-02,201402
20140207,2014-02-07,2014,Q1,2,February,2014-02,201402
20140208,2014-02-08,2014,Q1,2,February,2014-02,201402
20140209,2014-02-09,2014,Q1,2,February,2014-02,201402
20140210,2014-02-10,2014,Q1,2,February,2014-02,201402
20140211,2014-02-11,2014,Q1,2,February,2014-02,201402
20140212,2014-02-12,2014,Q1,2,February,2014-02,201402
20140213,2014-02-13,2014,Q1,2,February,2014-02,201402
20140214,2014-02-14,2014,Q1,2,February,2014-02,201402
20140215,2014-02-15,2014,Q1,2,February,2014-02,201402
20140216,2014-02-16,2014,Q1,2,February,2014-02,201402
20140217,2014-02-17,2014,Q1,2,February,2014-02,201402
20140218,2014-02-18,2014,Q1,2,February,2014-02,201402
20140219,2014-02-19,2014,Q1,2,February,2014-02,201402
20140220,2014-02-20,2014,Q1,2,February,2014-02,201402
20140221,2014-02-21,2014,Q1,2,February,2014-02,201402
20140222,2014-02-22,2014,Q1,2,February,2014-02,201402
20140223,2014-02-23,2014,Q1,2,February,2014-02,201402
20140224,2014-02-24,2014,Q1,2,February,2014-02,201402
20140225,2014-02-25,2014,Q1,2,February,2014-02,201402
20140226,2014-02-26,2014,Q1,2,February,2014-02,201402
20140227,2014-02-27,2014,Q1,2,February,2014-02,201402
20140228,2014-02-28,2014,Q1,2,February,2014-02,201402
20140301,2014-03-01,2014,Q1,3,March,2014-03,201403
20140302,2014-03-02,2014,Q1,3,March,2014-03,201403
20140303,2014-03-03,2014,Q1,3,March,2014-03,201403
20140304,2014-03-04,2014,Q1,3,March,2014-03,201403
20140305,2014-03-05,2014,Q1,3,March,2014-03,201403
20140306,2014-03-06,2014,Q1,3,March,2014-03,201403
20140307,2014-03-07,2014,Q1,3,March,2014-03,201403
20140308,2014-03-08,2014,Q1,3,March,2014-03,201403
20140309,2014-03-09,2014,Q1,3,March,2014-03,201403
20140310,2014-03-10,2014,Q1,3,March,2014-03,201403
20140311,2014-03-11,2014,Q1,3,March,2014-03,201403
20140312,2014-03-12,2014,Q1,3,March,2014-03,201403
20140313,2014-03-13,2014,Q1,3,March,2014-03,201403
20140314,2014-03-14,2014,Q1,3,March,2014-03,201403
20140315,2014-03-15,2014,Q1,3,March,2014-03,201403
20140316,2014-03-16,2014,Q1,3,March,2014-03,201403
20140317,2014-03-17,2014,Q1,3,March,2014-03,201403
20140318,2014-03-18,2014,Q1,3,March,2014-03,201403
20140319,2014-03-19,2014,Q1,3,March,2014-03,201403
20140320,2014-03-20,2014,Q1,3,March,2014-03,201403
20140321,2014-03-21,2014,Q1,3,March,2014-03,201403
20140322,2014-03-22,2014,Q1,3,March,2014-03,201403
20140323,2014-03-23,2014,Q1,3,March,2014-03,201403
20140324,2014-03-24,2014,Q1,3,March,2014-03,201403
20140325,2014-03-25,2014,Q1,3,March,2014-03,201403
20140326,2014-03-26,2014,Q1,3,March,2014-03,201403
20140327,2014-03-27,2014,Q1,3,March,2014-03,201403
20140328,2014-03-28,2014,Q1,3,March,2014-03,201403
20140329,2014-03-29,2014,Q1,3,March,2014-03,201403
20140330,2014-03-30,2014,Q1,3,March,2014-03,201403
20140331,2014-03-31,2014,Q1,3,March,2014-03,201403
20140401,2014-04-01,2014,Q2,4,April,2014-04,201404
20140402,2014-04-02,2014,Q2,4,April,2014-04,201404
20140403,2014-04-03,2014,Q2,4,April,2014-04,201404
20140404,2014-04-04,2014,Q2,4,April,2014-04,201404
20140405,2014-04-05,2014,Q2,4,April,2014-04,201404
20140406,2014-04-06,2014,Q2,4,April,2014-04,201404
20140407,2014-04-07,2014,Q2,4,April,2014-04,201404
20140408,2014-04-08,2014,Q2,4,April,2014-04,201404
20140409,2014-04-09,2014,Q2,4,April,2014-04,201404
20140410,2014-04-10,2014,Q2,4,April,2014-04,201404
20140411,2014-04-11,2014,Q2,4,April,2014-04,201404
20140412,2014-04-12,2014,Q2,4,April,2014-04,201404
20140413,2014-04-13,2014,Q2,4,April,2014-04,201404
20140414,2014-04-14,2014,Q2,4,April,2014-04,201404
20140415,2014-04-15,2014,Q2,4,April,2014-04,201404
20140416,2014-04-16,2014,Q2,4,April,2014-04,201404
20140417,2014-04-17,2014,Q2,4,April,2014-04,201404
20140418,2014-04-18,2014,Q2,4,April,2014-04,201404
20140419,2014-04-19,2014,Q2,4,April,2014-04,201404
20140420,2014-04-20,2014,Q2,4,April,2014-04,201404
20140421,2014-04-21,2014,Q2,4,April,2014-04,201404
20140422,2014-04-22,2014,Q2,4,April,2014-04,201404
20140423,2014-04-23,2014,Q2,4,April,2014-04,201404
20140424,2014-04-24,2014,Q2,4,April,2014-04,201404
20140425,2014-04-25,2014,Q2,4,April,2014-04,201404
20140426,2014-04-26,2014,Q2,4,April,2014-04,201404
20140427,2014-04-27,2014,Q2,4,April,2014-04,201404
20140428,2014-04-28,2014,Q2,4,April,2014-04,201404
20140429,2014-04-29,2014,Q2,4,April,2014-04,201404
20140430,2014-04-30,2014,Q2,4,April,2014-04,201404
20140501,2014-05-01,2014,Q2,5,May,2014-05,201405
20140502,2014-05-02,2014,Q2,5,May,2014-05,201405
20140503,2014-05-03,2014,Q2,5,May,2014-05,201405
20140504,2014-05-04,2014,Q2,5,May,2014-05,201405
20140505,2014-05-05,2014,Q2,5,May,2014-05,201405
20140506,2014-05-06,2014,Q2,5,May,2014-05,201405
20140507,2014-05-07,2014,Q2,5,May,2014-05,201405
20140508,2014-05-08,2014,Q2,5,May,2014-05,201405
20140509,2014-05-09,2014,Q2,5,May,2014-05,201405
20140510,2014-05-10,2014,Q2,5,May,2014-05,201405
20140511,2014-05-11,2014,Q2,5,May,2014-05,201405
20140512,2014-05-12,2014,Q2,5,May,2014-05,201405
20140513,2014-05-13,2014,Q2,5,May,2014-05,201405
20140514,2014-05-14,2014,Q2,5,May,2014-05,201405
20140515,2014-05-15,2014,Q2,5,May,2014-05,201405
20140516,2014-05-16,2014,Q2,5,May,2014-05,201405
20140517,2014-05-17,2014,Q2,5,May,2014-05,201405
20140518,2014-05-18,2014,Q2,5,May,2014-05,201405
20140519,2014-05-19,2014,Q2,5,May,2014-05,201405
20140520,2014-05-20,2014,Q2,5,May,2014-05,201405
20140521,2014-05-21,2014,Q2,5,May,2014-05,201405
20140522,2014-05-22,2014,Q2,5,May,2014-05,201405
20140523,2014-05-23,2014,Q2,5,May,2014-05,201405
20140524,2014-05-24,2014,Q2,5,May,2014-05,201405
20140525,2014-05-25,2014,Q2,5,May,2014-05,201405
20140526,2014-05-26,2014,Q2,5,May,2014-05,201405
20140527,2014-05-27,2014,Q2,5,May,2014-05,201405
20140528,2014-05-28,2014,Q2,5,May,2014-05,201405
20140529,2014-05-29,2014,Q2,5,May,2014-05,201405
20140530,2014-05-30,2014,Q2,5,May,2014-05,201405
20140531,2014-05-31,2014,Q2,5,May,2014-05,201405
20140601,2014-06-01,2014,Q2,6,June,2014-06,201406
20140602,2014-06-02,2014,Q2,6,June,2014-06,201406
20140603,2014-06-03,2014,Q2,6,June,2014-06,201406
20140604,2014-06-04,2014,Q2,6,June,2014-06,201406
20140605,2014-06-05,2014,Q2,6,June,2014-06,201406
20140606,2014-06-06,2014,Q2,6,June,2014-06,201406
20140607,2014-06-07,2014,Q2,6,June,2014-06,201406
20140608,2014-06-08,2014,Q2,6,June,2014-06,201406
20140609,2014-06-09,2014,Q2,6,June,2014-06,201406
20140610,2014-06-10,2014,Q2,6,June,2014-06,201406
20140611,2014-06-11,2014,Q2,6,June,2014-06,201406
20140612,2014-06-12,2014,Q2,6,June,2014-06,201406
20140613,2014-06-13,2014,Q2,6,June,2014-06,201406
20140614,2014-06-14,2014,Q2,6,June,2014-06,201406
20140615,2014-06-15,2014,Q2,6,June,2014-06,201406
20140616,2014-06-16,2014,Q2,6,June,2014-06,201406
20140617,2014-06-17,2014,Q2,6,June,2014-06,201406
20140618,2014-06-18,2014,Q2,6,June,2014-06,201406
20140619,2014-06-19,2014,Q2,6,June,2014-06,201406
20140620,2014-06-20,2014,Q2,6,June,2014-06,201406
20140621,2014-06-21,2014,Q2,6,June,2014-06,201406
20140622,2014-06-22,2014,Q2,6,June,2014-06,201406
20140623,2014-06-23,2014,Q2,6,June,2014-06,201406
20140624,2014-06-24,2014,Q2,6,June,2014-06,201406
20140625,2014-06-25,2014,Q2,6,June,2014-06,201406
20140626,2014-06-26,2014,Q2,6,June,2014-06,201406
20140627,2014-06-27,2014,Q2,6,June,2014-06,201406
20140628,2014-06-28,2014,Q2,6,June,2014-06,201406
20140629,2014-06-29,2014,Q2,6,June,2014-06,201406
20140630,2014-06-30,2014,Q2,6,June,2014-06,201406
20140701,2014-07-01,2014,Q3,7,July,2014-07,201407
20140702,2014-07-02,2014,Q3,7,July,2014-07,201407
20140703,2014-07-03,2014,Q3,7,July,2014-07,201407
20140704,2014-07-04,2014,Q3,7,July,2014-07,201407
20140705,2014-07-05,2014,Q3,7,July,2014-07,201407
20140706,2014-07-06,2014,Q3,7,July,2014-07,201407
20140707,2014-07-07,2014,Q3,7,July,2014-07,201407
20140708,2014-07-08,2014,Q3,7,July,2014-07,201407
20140709,2014-07-09,2014,Q3,7,July,2014-07,201407
20140710,2014-07-10,2014,Q3,7,July,2014-07,201407
20140711,2014-07-11,2014,Q3,7,July,2014-07,201407
20140712,2014-07-12,2014,Q3,7,July,2014-07,201407
20140713,2014-07-13,2014,Q3,7,July,2014-07,201407
20140714,2014-07-14,2014,Q3,7,July,2014-07,201407
20140715,2014-07-15,2014,Q3,7,July,2014-07,201407
20140716,2014-07-16,2014,Q3,7,July,2014-07,201407
20140717,2014-07-17,2014,Q3,7,July,2014-07,201407
20140718,2014-07-18,2014,Q3,7,July,2014-07,201407
20140719,2014-07-19,2014,Q3,7,July,2014-07,201407
20140720,2014-07-20,2014,Q3,7,July,2014-07,201407
20140721,2014-07-21,2014,Q3,7,July,2014-07,201407
20140722,2014-07-22,2014,Q3,7,July,2014-07,201407
20140723,2014-07-23,2014,Q3,7,July,2014-07,201407
20140724,2014-07-24,2014,Q3,7,July,2014-07,201407
20140725,2014-07-25,2014,Q3,7,July,2014-07,201407
20140726,2014-07-26,2014,Q3,7,July,2014-07,201407
20140727,2014-07-27,2014,Q3,7,July,2014-07,201407
20140728,2014-07-28,2014,Q3,7,July,2014-07,201407
20140729,2014-07-29,2014,Q3,7,July,2014-07,201407
20140730,2014-07-30,2014,Q3,7,July,2014-07,201407
20140731,2014-07-31,2014,Q3,7,July,2014-07,201407
20140801,2014-08-01,2014,Q3,8,August,2014-08,201408
20140802,2014-08-02,2014,Q3,8,August,2014-08,201408
20140803,2014-08-03,2014,Q3,8,August,2014-08,201408
20140804,2014-08-04,2014,Q3,8,August,2014-08,201408
20140805,2014-08-05,2014,Q3,8,August,2014-08,201408
20140806,2014-08-06,2014,Q3,8,August,2014-08,201408
20140807,2014-08-07,2014,Q3,8,August,2014-08,201408
20140808,2014-08-08,2014,Q3,8,August,2014-08,201408
20140809,2014-08-09,2014,Q3,8,August,2014-08,201408
20140810,2014-08-10,2014,Q3,8,August,2014-08,201408
20140811,2014-08-11,2014,Q3,8,August,2014-08,201408
20140812,2014-08-12,2014,Q3,8,August,2014-08,201408
20140813,2014-08-13,2014,Q3,8,August,2014-08,201408
20140814,2014-08-14,2014,Q3,8,August,2014-08,201408
20140815,2014-08-15,2014,Q3,8,August,2014-08,201408
20140816,2014-08-16,2014,Q3,8,August,2014-08,201408
20140817,2014-08-17,2014,Q3,8,August,2014-08,201408
20140818,2014-08-18,2014,Q3,8,August,2014-08,201408
20140819,2014-08-19,2014,Q3,8,August,2014-08,201408
20140820,2014-08-20,2014,Q3,8,August,2014-08,201408
20140821,2014-08-21,2014,Q3,8,August,2014-08,201408
20140822,2014-08-22,2014,Q3,8,August,2014-08,201408
20140823,2014-08-23,2014,Q3,8,August,2014-08,201408
20140824,2014-08-24,2014,Q3,8,August,2014-08,201408
20140825,2014-08-25,2014,Q3,8,August,2014-08,201408
20140826,2014-08-26,2014,Q3,8,August,2014-08,201408
20140827,2014-08-27,2014,Q3,8,August,2014-08,201408
20140828,2014-08-28,2014,Q3,8,August,2014-08,201408
20140829,2014-08-29,2014,Q3,8,August,2014-08,201408
20140830,2014-08-30,2014,Q3,8,August,2014-08,201408
20140831,2014-08-31,2014,Q3,8,August,2014-08,201408
20140901,2014-09-01,2014,Q3,9,September,2014-09,201409
20140902,2014-09-02,2014,Q3,9,September,2014-09,201409
20140903,2014-09-03,2014,Q3,9,September,2014-09,201409
20140904,2014-09-04,2014,Q3,9,September,2014-09,201409
20140905,2014-09-05,2014,Q3,9,September,2014-09,201409
20140906,2014-09-06,2014,Q3,9,September,2014-09,201409
20140907,2014-09-07,2014,Q3,9,September,2014-09,201409
20140908,2014-09-08,2014,Q3,9,September,2014-09,201409
20140909,2014-09-09,2014,Q3,9,September,2014-09,201409
20140910,2014-09-10,2014,Q3,9,September,2014-09,201409
20140911,2014-09-11,2014,Q3,9,September,2014-09,201409
20140912,2014-09-12,2014,Q3,9,September,2014-09,201409
20140913,2014-09-13,2014,Q3,9,September,2014-09,201409
20140914,2014-09-14,2014,Q3,9,September,2014-09,201409
20140915,2014-09-15,2014,Q3,9,September,2014-09,201409
20140916,2014-09-16,2014,Q3,9,September,2014-09,201409
20140917,2014-09-17,2014,Q3,9,September,2014-09,201409
20140918,2014-09-18,2014,Q3,9,September,2014-09,201409
20140919,2014-09-19,2014,Q3,9,September,2014-09,201409
20140920,2014-09-20,2014,Q3,9,September,2014-09,201409
20140921,2014-09-21,2014,Q3,9,September,2014-09,201409
20140922,2014-09-22,2014,Q3,9,September,2014-09,201409
20140923,2014-09-23,2014,Q3,9,September,2014-09,201409
20140924,2014-09-24,2014,Q3,9,September,2014-09,201409
20140925,2014-09-25,2014,Q3,9,September,2014-09,201409
20140926,2014-09-26,2014,Q3,9,September,2014-09,201409
20140927,2014-09-27,2014,Q3,9,September,2014-09,201409
20140928,2014-09-28,2014,Q3,9,September,2014-09,201409
20140929,2014-09-29,2014,Q3,9,September,2014-09,201409
20140930,2014-09-30,2014,Q3,9,September,2014-09,201409
20141001,2014-10-01,2014,Q4,10,October,2014-10,201410
20141002,2014-10-02,2014,Q4,10,October,2014-10,201410
20141003,2014-10-03,2014,Q4,10,October,2014-10,201410
20141004,2014-10-04,2014,Q4,10,October,2014-10,201410
20141005,2014-10-05,2014,Q4,10,October,2014-10,201410
20141006,2014-10-06,2014,Q4,10,October,2014-10,201410
20141007,2014-10-07,2014,Q4,10,October,2014-10,201410
20141008,2014-10-08,2014,Q4,10,October,2014-10,201410
20141009,2014-10-09,2014,Q4,10,October,2014-10,201410
20141010,2014-10-10,2014,Q4,10,October,2014-10,201410
20141011,2014-10-11,2014,Q4,10,October,2014-10,201410
20141012,2014-10-12,2014,Q4,10,October,2014-10,201410
20141013,2014-10-13,2014,Q4,10,October,2014-10,201410
20141014,2014-10-14,2014,Q4,10,October,2014-10,201410
20141015,2014-10-15,2014,Q4,10,October,2014-10,201410
20141016,2014-10-16,2014,Q4,10,October,2014-10,201410
20141017,2014-10-17,2014,Q4,10,October,2014-10,201410
20141018,2014-10-18,2014,Q4,10,October,2014-10,201410
20141019,2014-10-19,2014,Q4,10,October,2014-10,201410
20141020,2014-10-20,2014,Q4,10,October,2014-10,201410
20141021,2014-10-21,2014,Q4,10,October,2014-10,201410
20141022,2014-10-22,2014,Q4,10,October,2014-10,201410
20141023,2014-10-23,2014,Q4,10,October,2014-10,201410
20141024,2014-10-24,2014,Q4,10,October,2014-10,201410
20141025,2014-10-25,2014,Q4,10,October,2014-10,201410
20141026,2014-10-26,2014,Q4,10,October,2014-10,201410
20141027,2014-10-27,2014,Q4,10,October,2014-10,201410
20141028,2014-10-28,2014,Q4,10,October,2014-10,201410
20141029,2014-10-29,2014,Q4,10,October,2014-10,201410
20141030,2014-10-30,2014,Q4,10,October,2014-10,201410
20141031,2014-10-31,2014,Q4,10,October,2014-10,201410
20141101,2014-11-01,2014,Q4,11,November,2014-11,201411
20141102,2014-11-02,2014,Q4,11,November,2014-11,201411
20141103,2014-11-03,2014,Q4,11,November,2014-11,201411
20141104,2014-11-04,2014,Q4,11,November,2014-11,201411
20141105,2014-11-05,2014,Q4,11,November,2014-11,201411
20141106,2014-11-06,2014,Q4,11,November,2014-11,201411
20141107,2014-11-07,2014,Q4,11,November,2014-11,201411
20141108,2014-11-08,2014,Q4,11,November,2014-11,201411
20141109,2014-11-09,2014,Q4,11,November,2014-11,201411
20141110,2014-11-10,2014,Q4,11,November,2014-11,201411
20141111,2014-11-11,2014,Q4,11,November,2014-11,201411
20141112,2014-11-12,2014,Q4,11,November,2014-11,201411
20141113,2014-11-13,2014,Q4,11,November,2014-11,201411
20141114,2014-11-14,2014,Q4,11,November,2014-11,201411
20141115,2014-11-15,2014,Q4,11,November,2014-11,201411
20141116,2014-11-16,2014,Q4,11,November,2014-11,201411
20141117,2014-11-17,2014,Q4,11,November,2014-11,201411
20141118,2014-11-18,2014,Q4,11,November,2014-11,201411
20141119,2014-11-19,2014,Q4,11,November,2014-11,201411
20141120,2014-11-20,2014,Q4,11,November,2014-11,201411
20141121,2014-11-21,2014,Q4,11,November,2014-11,201411
20141122,2014-11-22,2014,Q4,11,November,2014-11,201411
20141123,2014-11-23,2014,Q4,11,November,2014-11,201411
20141124,2014-11-24,2014,Q4,11,November,2014-11,201411
20141125,2014-11-25,2014,Q4,11,November,2014-11,201411
20141126,2014-11-26,2014,Q4,11,November,2014-11,201411
20141127,2014-11-27,2014,Q4,11,November,2014-11,201411
20141128,2014-11-28,2014,Q4,11,November,2014-11,201411
20141129,2014-11-29,2014,Q4,11,November,2014-11,201411
20141130,2014-11-30,2014,Q4,11,November,2014-11,201411
20141201,2014-12-01,2014,Q4,12,December,2014-12,201412
