FactRowID,DateKey,ProductKey,CountryKey,SegmentKey,DiscountBandKey,UnitsSold,ManufacturingPrice,SalePrice,GrossSales,Discounts,NetSales,COGS,Profit
1,20140101,2,1,3,4,1618.50,3.00,20.00,32370.00,0.00,32370.00,16185.00,16185.00
2,20140101,2,3,3,4,1321.00,3.00,20.00,26420.00,0.00,26420.00,13210.00,13210.00
3,20140601,2,2,4,4,2178.00,3.00,15.00,32670.00,0.00,32670.00,21780.00,10890.00
4,20140601,2,3,4,4,888.00,3.00,15.00,13320.00,0.00,13320.00,8880.00,4440.00
5,20140601,2,4,4,4,2470.00,3.00,15.00,37050.00,0.00,37050.00,24700.00,12350.00
6,20141201,2,3,3,4,1513.00,3.00,350.00,529550.00,0.00,529550.00,393380.00,136170.00
7,20140301,3,3,4,4,921.00,5.00,15.00,13815.00,0.00,13815.00,9210.00,4605.00
8,20140601,3,1,1,4,2518.00,5.00,12.00,30216.00,0.00,30216.00,7554.00,22662.00
9,20140601,3,2,3,4,1899.00,5.00,20.00,37980.00,0.00,37980.00,18990.00,18990.00
10,20140601,3,3,1,4,1545.00,5.00,12.00,18540.00,0.00,18540.00,4635.00,13905.00
11,20140601,3,4,4,4,2470.00,5.00,15.00,37050.00,0.00,37050.00,24700.00,12350.00
12,20140701,3,1,2,4,2665.50,5.00,125.00,333187.50,0.00,333187.50,319860.00,13327.50
13,20140801,3,4,5,4,958.00,5.00,300.00,287400.00,0.00,287400.00,239500.00,47900.00
14,20140901,3,3,3,4,2146.00,5.00,7.00,15022.00,0.00,15022.00,10730.00,4292.00
15,20131001,3,1,2,4,345.00,5.00,125.00,43125.00,0.00,43125.00,41400.00,1725.00
16,20141201,3,5,4,4,615.00,5.00,15.00,9225.00,0.00,9225.00,6150.00,3075.00
17,20140201,4,1,3,4,292.00,10.00,20.00,5840.00,0.00,5840.00,2920.00,2920.00
18,20140201,4,4,4,4,974.00,10.00,15.00,14610.00,0.00,14610.00,9740.00,4870.00
19,20140601,4,1,1,4,2518.00,10.00,12.00,30216.00,0.00,30216.00,7554.00,22662.00
20,20140601,4,3,3,4,1006.00,10.00,350.00,352100.00,0.00,352100.00,261560.00,90540.00
21,20140701,4,3,1,4,367.00,10.00,12.00,4404.00,0.00,4404.00,1101.00,3303.00
22,20140801,4,4,3,4,883.00,10.00,7.00,6181.00,0.00,6181.00,4415.00,1766.00
23,20130901,4,2,4,4,549.00,10.00,15.00,8235.00,0.00,8235.00,5490.00,2745.00
24,20130901,4,4,5,4,788.00,10.00,300.00,236400.00,0.00,236400.00,197000.00,39400.00
25,20140901,4,4,4,4,2472.00,10.00,15.00,37080.00,0.00,37080.00,24720.00,12360.00
26,20141001,4,5,3,4,1143.00,10.00,7.00,8001.00,0.00,8001.00,5715.00,2286.00
27,20131101,4,1,3,4,1725.00,10.00,350.00,603750.00,0.00,603750.00,448500.00,155250.00
28,20131101,4,5,1,4,912.00,10.00,12.00,10944.00,0.00,10944.00,2736.00,8208.00
29,20131201,4,1,4,4,2152.00,10.00,15.00,32280.00,0.00,32280.00,21520.00,10760.00
30,20141201,4,1,3,4,1817.00,10.00,20.00,36340.00,0.00,36340.00,18170.00,18170.00
31,20141201,4,3,3,4,1513.00,10.00,350.00,529550.00,0.00,529550.00,393380.00,136170.00
32,20140101,6,4,3,4,1493.00,120.00,7.00,10451.00,0.00,10451.00,7465.00,2986.00
33,20140201,6,2,2,4,1804.00,120.00,125.00,225500.00,0.00,225500.00,216480.00,9020.00
34,20140301,6,3,1,4,2161.00,120.00,12.00,25932.00,0.00,25932.00,6483.00,19449.00
35,20140601,6,3,3,4,1006.00,120.00,350.00,352100.00,0.00,352100.00,261560.00,90540.00
36,20140601,6,3,1,4,1545.00,120.00,12.00,18540.00,0.00,18540.00,4635.00,13905.00
37,20140801,6,5,2,4,2821.00,120.00,125.00,352625.00,0.00,352625.00,338520.00,14105.00
38,20131001,6,1,2,4,345.00,120.00,125.00,43125.00,0.00,43125.00,41400.00,1725.00
39,20140201,5,1,5,4,2001.00,250.00,300.00,600300.00,0.00,600300.00,500250.00,100050.00
40,20140401,5,3,1,4,2838.00,250.00,12.00,34056.00,0.00,34056.00,8514.00,25542.00
41,20140601,5,2,4,4,2178.00,250.00,15.00,32670.00,0.00,32670.00,21780.00,10890.00
42,20140601,5,3,4,4,888.00,250.00,15.00,13320.00,0.00,13320.00,8880.00,4440.00
43,20130901,5,2,3,4,1527.00,250.00,350.00,534450.00,0.00,534450.00,397020.00,137430.00
44,20140901,5,2,5,4,2151.00,250.00,300.00,645300.00,0.00,645300.00,537750.00,107550.00
45,20141201,5,1,3,4,1817.00,250.00,20.00,36340.00,0.00,36340.00,18170.00,18170.00
46,20140201,1,2,3,4,2750.00,260.00,350.00,962500.00,0.00,962500.00,715000.00,247500.00
47,20140401,1,5,1,4,1953.00,260.00,12.00,23436.00,0.00,23436.00,5859.00,17577.00
48,20140401,1,3,2,4,4219.50,260.00,125.00,527437.50,0.00,527437.50,506340.00,21097.50
49,20140601,1,2,3,4,1899.00,260.00,20.00,37980.00,0.00,37980.00,18990.00,18990.00
50,20140701,1,3,3,4,1686.00,260.00,7.00,11802.00,0.00,11802.00,8430.00,3372.00
51,20140801,1,5,1,4,2141.00,260.00,12.00,25692.00,0.00,25692.00,6423.00,19269.00
52,20141001,1,5,3,4,1143.00,260.00,7.00,8001.00,0.00,8001.00,5715.00,2286.00
53,20141201,1,5,4,4,615.00,260.00,15.00,9225.00,0.00,9225.00,6150.00,3075.00
54,20140101,4,2,3,2,3945.00,10.00,7.00,27615.00,276.15,27338.85,19725.00,7613.85
55,20140201,4,2,4,2,2296.00,10.00,15.00,34440.00,344.40,34095.60,22960.00,11135.60
56,20140501,4,2,3,2,1030.00,10.00,7.00,7210.00,72.10,7137.90,5150.00,1987.90
57,20141101,6,2,3,2,639.00,120.00,7.00,4473.00,44.73,4428.27,3195.00,1233.27
58,20140301,5,1,3,2,1326.00,250.00,7.00,9282.00,92.82,9189.18,6630.00,2559.18
59,20140201,2,5,1,2,1858.00,3.00,12.00,22296.00,222.96,22073.04,5574.00,16499.04
60,20140301,2,4,3,2,1210.00,3.00,350.00,423500.00,4235.00,419265.00,314600.00,104665.00
61,20140701,2,5,3,2,2529.00,3.00,7.00,17703.00,177.03,17525.97,12645.00,4880.97
62,20140901,2,1,1,2,1445.00,3.00,12.00,17340.00,173.40,17166.60,4335.00,12831.60
63,20130901,2,5,2,2,330.00,3.00,125.00,41250.00,412.50,40837.50,39600.00,1237.50
64,20140901,2,2,1,2,2671.00,3.00,12.00,32052.00,320.52,31731.48,8013.00,23718.48
65,20131001,2,3,1,2,766.00,3.00,12.00,9192.00,91.92,9100.08,2298.00,6802.08
66,20131001,2,4,5,2,494.00,3.00,300.00,148200.00,1482.00,146718.00,123500.00,23218.00
67,20141001,2,4,3,2,1397.00,3.00,350.00,488950.00,4889.50,484060.50,363220.00,120840.50
68,20141201,2,2,3,2,2155.00,3.00,350.00,754250.00,7542.50,746707.50,560300.00,186407.50
69,20140301,3,4,4,2,2214.00,5.00,15.00,33210.00,332.10,32877.90,22140.00,10737.90
70,20140401,3,5,5,2,2301.00,5.00,300.00,690300.00,6903.00,683397.00,575250.00,108147.00
71,20140701,3,2,3,2,1375.50,5.00,20.00,27510.00,275.10,27234.90,13755.00,13479.90
72,20140801,3,1,3,2,1830.00,5.00,7.00,12810.00,128.10,12681.90,9150.00,3531.90
73,20130901,3,5,5,2,2498.00,5.00,300.00,749400.00,7494.00,741906.00,624500.00,117406.00
74,20131001,3,5,2,2,663.00,5.00,125.00,82875.00,828.75,82046.25,79560.00,2486.25
75,20140201,4,5,4,2,1514.00,10.00,15.00,22710.00,227.10,22482.90,15140.00,7342.90
76,20140401,4,5,3,2,4492.50,10.00,7.00,31447.50,314.48,31133.02,22462.50,8670.52
77,20140601,4,5,2,2,727.00,10.00,125.00,90875.00,908.75,89966.25,87240.00,2726.25
78,20140601,4,2,2,2,787.00,10.00,125.00,98375.00,983.75,97391.25,94440.00,2951.25
79,20140701,4,4,2,2,1823.00,10.00,125.00,227875.00,2278.75,225596.25,218760.00,6836.25
80,20140901,4,3,4,2,747.00,10.00,15.00,11205.00,112.05,11092.95,7470.00,3622.95
81,20131001,4,3,1,2,766.00,10.00,12.00,9192.00,91.92,9100.08,2298.00,6802.08
82,20141101,4,5,5,2,2905.00,10.00,300.00,871500.00,8715.00,862785.00,726250.00,136535.00
83,20141201,4,2,3,2,2155.00,10.00,350.00,754250.00,7542.50,746707.50,560300.00,186407.50
84,20140401,6,2,3,2,3864.00,120.00,20.00,77280.00,772.80,76507.20,38640.00,37867.20
85,20140501,6,4,3,2,362.00,120.00,7.00,2534.00,25.34,2508.66,1810.00,698.66
86,20140801,6,1,2,2,923.00,120.00,125.00,115375.00,1153.75,114221.25,110760.00,3461.25
87,20131001,6,5,2,2,663.00,120.00,125.00,82875.00,828.75,82046.25,79560.00,2486.25
88,20131101,6,1,3,2,2092.00,120.00,7.00,14644.00,146.44,14497.56,10460.00,4037.56
89,20140301,5,3,3,2,263.00,250.00,7.00,1841.00,18.41,1822.59,1315.00,507.59
90,20140401,5,1,3,2,943.50,250.00,350.00,330225.00,3302.25,326922.75,245310.00,81612.75
91,20140601,5,5,2,2,727.00,250.00,125.00,90875.00,908.75,89966.25,87240.00,2726.25
92,20140601,5,2,2,2,787.00,250.00,125.00,98375.00,983.75,97391.25,94440.00,2951.25
93,20140901,5,3,5,2,986.00,250.00,300.00,295800.00,2958.00,292842.00,246500.00,46342.00
94,20131001,5,4,5,2,494.00,250.00,300.00,148200.00,1482.00,146718.00,123500.00,23218.00
95,20141001,5,4,3,2,1397.00,250.00,350.00,488950.00,4889.50,484060.50,363220.00,120840.50
96,20141101,5,2,2,2,1744.00,250.00,125.00,218000.00,2180.00,215820.00,209280.00,6540.00
97,20130901,1,5,1,2,1989.00,260.00,12.00,23868.00,238.68,23629.32,5967.00,17662.32
98,20131101,1,2,4,2,321.00,260.00,15.00,4815.00,48.15,4766.85,3210.00,1556.85
99,20140401,2,1,2,2,742.50,3.00,125.00,92812.50,1856.25,90956.25,89100.00,1856.25
100,20141001,2,1,1,2,1295.00,3.00,12.00,15540.00,310.80,15229.20,3885.00,11344.20
101,20131001,2,3,5,2,214.00,3.00,300.00,64200.00,1284.00,62916.00,53500.00,9416.00
102,20131101,2,2,3,2,2145.00,3.00,7.00,15015.00,300.30,14714.70,10725.00,3989.70
103,20141201,2,1,3,2,2852.00,3.00,350.00,998200.00,19964.00,978236.00,741520.00,236716.00
104,20140601,3,5,1,2,1142.00,5.00,12.00,13704.00,274.08,13429.92,3426.00,10003.92
105,20141001,3,5,3,2,1566.00,5.00,20.00,31320.00,626.40,30693.60,15660.00,15033.60
106,20141101,3,4,1,2,690.00,5.00,12.00,8280.00,165.60,8114.40,2070.00,6044.40
107,20131101,3,4,2,2,1660.00,5.00,125.00,207500.00,4150.00,203350.00,199200.00,4150.00
108,20140201,4,1,4,2,2363.00,10.00,15.00,35445.00,708.90,34736.10,23630.00,11106.10
109,20140501,4,2,5,2,918.00,10.00,300.00,275400.00,5508.00,269892.00,229500.00,40392.00
110,20140501,4,3,5,2,1728.00,10.00,300.00,518400.00,10368.00,508032.00,432000.00,76032.00
111,20140601,4,5,1,2,1142.00,10.00,12.00,13704.00,274.08,13429.92,3426.00,10003.92
112,20140601,4,4,2,2,662.00,10.00,125.00,82750.00,1655.00,81095.00,79440.00,1655.00
113,20141001,4,1,1,2,1295.00,10.00,12.00,15540.00,310.80,15229.20,3885.00,11344.20
114,20131001,4,3,2,2,809.00,10.00,125.00,101125.00,2022.50,99102.50,97080.00,2022.50
115,20131001,4,4,2,2,2145.00,10.00,125.00,268125.00,5362.50,262762.50,257400.00,5362.50
116,20131101,4,2,1,2,1785.00,10.00,12.00,21420.00,428.40,20991.60,5355.00,15636.60
117,20141201,4,1,5,2,1916.00,10.00,300.00,574800.00,11496.00,563304.00,479000.00,84304.00
118,20141201,4,1,3,2,2852.00,10.00,350.00,998200.00,19964.00,978236.00,741520.00,236716.00
119,20141201,4,1,2,2,2729.00,10.00,125.00,341125.00,6822.50,334302.50,327480.00,6822.50
120,20131201,4,5,4,2,1925.00,10.00,15.00,28875.00,577.50,28297.50,19250.00,9047.50
121,20131201,4,5,3,2,2013.00,10.00,7.00,14091.00,281.82,13809.18,10065.00,3744.18
122,20141201,4,2,1,2,1055.00,10.00,12.00,12660.00,253.20,12406.80,3165.00,9241.80
123,20141201,4,4,1,2,1084.00,10.00,12.00,13008.00,260.16,12747.84,3252.00,9495.84
124,20141001,6,5,3,2,1566.00,120.00,20.00,31320.00,626.40,30693.60,15660.00,15033.60
125,20131001,6,3,3,2,2966.00,120.00,350.00,1038100.00,20762.00,1017338.00,771160.00,246178.00
126,20141001,6,3,3,2,2877.00,120.00,350.00,1006950.00,20139.00,986811.00,748020.00,238791.00
127,20131001,6,3,2,2,809.00,120.00,125.00,101125.00,2022.50,99102.50,97080.00,2022.50
128,20131001,6,4,2,2,2145.00,120.00,125.00,268125.00,5362.50,262762.50,257400.00,5362.50
129,20141201,6,2,1,2,1055.00,120.00,12.00,12660.00,253.20,12406.80,3165.00,9241.80
130,20131201,6,4,3,2,544.00,120.00,20.00,10880.00,217.60,10662.40,5440.00,5222.40
131,20141201,6,4,1,2,1084.00,120.00,12.00,13008.00,260.16,12747.84,3252.00,9495.84
132,20140601,5,4,2,2,662.00,250.00,125.00,82750.00,1655.00,81095.00,79440.00,1655.00
133,20131001,5,3,5,2,214.00,250.00,300.00,64200.00,1284.00,62916.00,53500.00,9416.00
134,20141001,5,3,3,2,2877.00,250.00,350.00,1006950.00,20139.00,986811.00,748020.00,238791.00
135,20141201,5,1,2,2,2729.00,250.00,125.00,341125.00,6822.50,334302.50,327480.00,6822.50
136,20131201,5,5,3,2,266.00,250.00,350.00,93100.00,1862.00,91238.00,69160.00,22078.00
137,20131201,5,4,3,2,1940.00,250.00,350.00,679000.00,13580.00,665420.00,504400.00,161020.00
138,20140301,1,3,5,2,259.00,260.00,300.00,77700.00,1554.00,76146.00,64750.00,11396.00
139,20140301,1,4,5,2,1101.00,260.00,300.00,330300.00,6606.00,323694.00,275250.00,48444.00
140,20140501,1,3,2,2,2276.00,260.00,125.00,284500.00,5690.00,278810.00,273120.00,5690.00
141,20131001,1,3,3,2,2966.00,260.00,350.00,1038100.00,20762.00,1017338.00,771160.00,246178.00
142,20141101,1,5,3,2,1236.00,260.00,20.00,24720.00,494.40,24225.60,12360.00,11865.60
143,20141101,1,2,3,2,941.00,260.00,20.00,18820.00,376.40,18443.60,9410.00,9033.60
144,20141201,1,1,5,2,1916.00,260.00,300.00,574800.00,11496.00,563304.00,479000.00,84304.00
145,20140401,2,2,2,2,4243.50,3.00,125.00,530437.50,15913.12,514524.38,509220.00,5304.38
146,20140401,2,3,3,2,2580.00,3.00,20.00,51600.00,1548.00,50052.00,25800.00,24252.00
147,20140601,2,3,5,2,689.00,3.00,300.00,206700.00,6201.00,200499.00,172250.00,28249.00
148,20140901,2,5,1,2,1947.00,3.00,12.00,23364.00,700.92,22663.08,5841.00,16822.08
149,20131201,2,1,1,2,908.00,3.00,12.00,10896.00,326.88,10569.12,2724.00,7845.12
150,20140201,3,3,3,2,1958.00,5.00,7.00,13706.00,411.18,13294.82,9790.00,3504.82
151,20140601,3,2,1,2,1901.00,5.00,12.00,22812.00,684.36,22127.64,5703.00,16424.64
152,20140901,3,2,3,2,544.00,5.00,7.00,3808.00,114.24,3693.76,2720.00,973.76
153,20130901,3,3,3,2,1797.00,5.00,350.00,628950.00,18868.50,610081.50,467220.00,142861.50
154,20141201,3,2,2,2,1287.00,5.00,125.00,160875.00,4826.25,156048.75,154440.00,1608.75
155,20141201,3,3,2,2,1706.00,5.00,125.00,213250.00,6397.50,206852.50,204720.00,2132.50
156,20140101,4,2,5,2,2434.50,10.00,300.00,730350.00,21910.50,708439.50,608625.00,99814.50
157,20140301,4,1,2,2,1774.00,10.00,125.00,221750.00,6652.50,215097.50,212880.00,2217.50
158,20140601,4,2,1,2,1901.00,10.00,12.00,22812.00,684.36,22127.64,5703.00,16424.64
159,20140601,4,3,5,2,689.00,10.00,300.00,206700.00,6201.00,200499.00,172250.00,28249.00
160,20140601,4,3,2,2,1570.00,10.00,125.00,196250.00,5887.50,190362.50,188400.00,1962.50
161,20140701,4,5,1,2,1369.50,10.00,12.00,16434.00,493.02,15940.98,4108.50,11832.48
162,20141001,4,1,2,2,2009.00,10.00,125.00,251125.00,7533.75,243591.25,241080.00,2511.25
163,20131001,4,3,4,2,1945.00,10.00,15.00,29175.00,875.25,28299.75,19450.00,8849.75
164,20141201,4,2,2,2,1287.00,10.00,125.00,160875.00,4826.25,156048.75,154440.00,1608.75
165,20141201,4,3,2,2,1706.00,10.00,125.00,213250.00,6397.50,206852.50,204720.00,2132.50
166,20141001,6,1,2,2,2009.00,120.00,125.00,251125.00,7533.75,243591.25,241080.00,2511.25
167,20140201,5,5,5,2,2844.00,250.00,300.00,853200.00,25596.00,827604.00,711000.00,116604.00
168,20140401,5,4,1,2,1916.00,250.00,12.00,22992.00,689.76,22302.24,5748.00,16554.24
169,20140601,5,3,2,2,1570.00,250.00,125.00,196250.00,5887.50,190362.50,188400.00,1962.50
170,20140801,5,1,5,2,1874.00,250.00,300.00,562200.00,16866.00,545334.00,468500.00,76834.00
171,20140801,5,4,3,2,1642.00,250.00,350.00,574700.00,17241.00,557459.00,426920.00,130539.00
172,20131001,5,3,4,2,1945.00,250.00,15.00,29175.00,875.25,28299.75,19450.00,8849.75
173,20140501,2,1,3,2,831.00,3.00,20.00,16620.00,498.60,16121.40,8310.00,7811.40
174,20130901,4,4,3,2,1760.00,10.00,7.00,12320.00,369.60,11950.40,8800.00,3150.40
175,20140401,6,1,3,2,3850.50,120.00,20.00,77010.00,2310.30,74699.70,38505.00,36194.70
176,20140101,5,3,1,2,2479.00,250.00,12.00,29748.00,892.44,28855.56,7437.00,21418.56
177,20141001,3,4,4,2,2031.00,5.00,15.00,30465.00,1218.60,29246.40,20310.00,8936.40
178,20141001,4,4,4,2,2031.00,10.00,15.00,30465.00,1218.60,29246.40,20310.00,8936.40
179,20131201,4,2,4,2,2261.00,10.00,15.00,33915.00,1356.60,32558.40,22610.00,9948.40
180,20130901,6,5,3,2,736.00,120.00,20.00,14720.00,588.80,14131.20,7360.00,6771.20
181,20131001,2,1,3,2,2851.00,3.00,7.00,19957.00,798.28,19158.72,14255.00,4903.72
182,20141001,2,3,5,2,2021.00,3.00,300.00,606300.00,24252.00,582048.00,505250.00,76798.00
183,20141201,2,5,3,2,274.00,3.00,350.00,95900.00,3836.00,92064.00,71240.00,20824.00
184,20140301,3,1,4,2,1967.00,5.00,15.00,29505.00,1180.20,28324.80,19670.00,8654.80
185,20140801,3,3,5,2,1859.00,5.00,300.00,557700.00,22308.00,535392.00,464750.00,70642.00
186,20131001,3,1,3,2,2851.00,5.00,7.00,19957.00,798.28,19158.72,14255.00,4903.72
187,20141001,3,3,5,2,2021.00,5.00,300.00,606300.00,24252.00,582048.00,505250.00,76798.00
188,20141201,3,4,2,2,1138.00,5.00,125.00,142250.00,5690.00,136560.00,136560.00,0.00
189,20140101,4,1,3,2,4251.00,10.00,7.00,29757.00,1190.28,28566.72,21255.00,7311.72
190,20140301,4,3,2,2,795.00,10.00,125.00,99375.00,3975.00,95400.00,95400.00,0.00
191,20140401,4,3,5,2,1414.50,10.00,300.00,424350.00,16974.00,407376.00,353625.00,53751.00
192,20140501,4,5,5,2,2918.00,10.00,300.00,875400.00,35016.00,840384.00,729500.00,110884.00
193,20140701,4,5,3,2,3450.00,10.00,350.00,1207500.00,48300.00,1159200.00,897000.00,262200.00
194,20140701,4,2,2,2,2988.00,10.00,125.00,373500.00,14940.00,358560.00,358560.00,0.00
195,20140901,4,1,4,2,218.00,10.00,15.00,3270.00,130.80,3139.20,2180.00,959.20
196,20140901,4,1,3,2,2074.00,10.00,20.00,41480.00,1659.20,39820.80,20740.00,19080.80
197,20140901,4,5,3,2,1056.00,10.00,20.00,21120.00,844.80,20275.20,10560.00,9715.20
198,20131001,4,5,4,2,671.00,10.00,15.00,10065.00,402.60,9662.40,6710.00,2952.40
199,20131001,4,4,4,2,1514.00,10.00,15.00,22710.00,908.40,21801.60,15140.00,6661.60
200,20141201,4,5,3,2,274.00,10.00,350.00,95900.00,3836.00,92064.00,71240.00,20824.00
201,20141201,4,4,2,2,1138.00,10.00,125.00,142250.00,5690.00,136560.00,136560.00,0.00
202,20140301,6,5,1,2,1465.00,120.00,12.00,17580.00,703.20,16876.80,4395.00,12481.80
203,20130901,6,1,3,2,2646.00,120.00,20.00,52920.00,2116.80,50803.20,26460.00,24343.20
204,20141001,6,2,3,2,2177.00,120.00,350.00,761950.00,30478.00,731472.00,566020.00,165452.00
205,20140501,5,2,1,2,866.00,250.00,12.00,10392.00,415.68,9976.32,2598.00,7378.32
206,20130901,5,5,3,2,349.00,250.00,350.00,122150.00,4886.00,117264.00,90740.00,26524.00
207,20141001,5,2,3,2,2177.00,250.00,350.00,761950.00,30478.00,731472.00,566020.00,165452.00
208,20131001,5,4,4,2,1514.00,250.00,15.00,22710.00,908.40,21801.60,15140.00,6661.60
209,20140201,1,4,3,2,1865.00,260.00,350.00,652750.00,26110.00,626640.00,484900.00,141740.00
210,20140401,1,4,2,2,1074.00,260.00,125.00,134250.00,5370.00,128880.00,128880.00,0.00
211,20140901,1,3,3,2,1907.00,260.00,350.00,667450.00,26698.00,640752.00,495820.00,144932.00
212,20131001,1,5,4,2,671.00,260.00,15.00,10065.00,402.60,9662.40,6710.00,2952.40
213,20131201,1,1,3,2,1778.00,260.00,350.00,622300.00,24892.00,597408.00,462280.00,135128.00
214,20131001,3,3,3,3,1159.00,5.00,7.00,8113.00,405.65,7707.35,5795.00,1912.35
215,20140101,4,3,3,3,1372.00,10.00,7.00,9604.00,480.20,9123.80,6860.00,2263.80
216,20130901,4,1,3,3,2349.00,10.00,7.00,16443.00,822.15,15620.85,11745.00,3875.85
217,20141001,4,4,3,3,2689.00,10.00,7.00,18823.00,941.15,17881.85,13445.00,4436.85
218,20141201,4,1,1,3,2431.00,10.00,12.00,29172.00,1458.60,27713.40,7293.00,20420.40
219,20141201,6,1,1,3,2431.00,120.00,12.00,29172.00,1458.60,27713.40,7293.00,20420.40
220,20141001,5,4,3,3,2689.00,250.00,7.00,18823.00,941.15,17881.85,13445.00,4436.85
221,20140701,1,4,3,3,1683.00,260.00,7.00,11781.00,589.05,11191.95,8415.00,2776.95
222,20140801,1,4,1,3,1123.00,260.00,12.00,13476.00,673.80,12802.20,3369.00,9433.20
223,20131001,1,3,3,3,1159.00,260.00,7.00,8113.00,405.65,7707.35,5795.00,1912.35
224,20140201,2,2,1,3,1865.00,3.00,12.00,22380.00,1119.00,21261.00,5595.00,15666.00
225,20140201,2,3,1,3,1116.00,3.00,12.00,13392.00,669.60,12722.40,3348.00,9374.40
226,20140501,2,2,3,3,1563.00,3.00,20.00,31260.00,1563.00,29697.00,15630.00,14067.00
227,20140601,2,5,5,3,991.00,3.00,300.00,297300.00,14865.00,282435.00,247750.00,34685.00
228,20131101,2,3,3,3,1016.00,3.00,7.00,7112.00,355.60,6756.40,5080.00,1676.40
229,20141101,2,4,4,3,2791.00,3.00,15.00,41865.00,2093.25,39771.75,27910.00,11861.75
230,20141201,2,5,3,3,570.00,3.00,7.00,3990.00,199.50,3790.50,2850.00,940.50
231,20141201,2,2,3,3,2487.00,3.00,7.00,17409.00,870.45,16538.55,12435.00,4103.55
232,20140101,3,2,3,3,1384.50,5.00,350.00,484575.00,24228.75,460346.25,359970.00,100376.25
233,20140701,3,5,2,3,3627.00,5.00,125.00,453375.00,22668.75,430706.25,435240.00,-4533.75
234,20130901,3,4,3,3,720.00,5.00,350.00,252000.00,12600.00,239400.00,187200.00,52200.00
235,20141101,3,3,1,3,2342.00,5.00,12.00,28104.00,1405.20,26698.80,7026.00,19672.80
236,20131201,3,4,5,3,1100.00,5.00,300.00,330000.00,16500.00,313500.00,275000.00,38500.00
237,20140201,4,2,3,3,1303.00,10.00,20.00,26060.00,1303.00,24757.00,13030.00,11727.00
238,20140301,4,5,2,3,2992.00,10.00,125.00,374000.00,18700.00,355300.00,359040.00,-3740.00
239,20140301,4,2,2,3,2385.00,10.00,125.00,298125.00,14906.25,283218.75,286200.00,-2981.25
240,20140401,4,4,5,3,1607.00,10.00,300.00,482100.00,24105.00,457995.00,401750.00,56245.00
241,20140501,4,5,3,3,2327.00,10.00,7.00,16289.00,814.45,15474.55,11635.00,3839.55
242,20140601,4,5,5,3,991.00,10.00,300.00,297300.00,14865.00,282435.00,247750.00,34685.00
243,20140601,4,5,3,3,602.00,10.00,350.00,210700.00,10535.00,200165.00,156520.00,43645.00
244,20140901,4,2,4,3,2620.00,10.00,15.00,39300.00,1965.00,37335.00,26200.00,11135.00
245,20131001,4,1,3,3,1228.00,10.00,350.00,429800.00,21490.00,408310.00,319280.00,89030.00
246,20131001,4,1,3,3,1389.00,10.00,20.00,27780.00,1389.00,26391.00,13890.00,12501.00
247,20141001,4,5,2,3,861.00,10.00,125.00,107625.00,5381.25,102243.75,103320.00,-1076.25
248,20131001,4,2,2,3,704.00,10.00,125.00,88000.00,4400.00,83600.00,84480.00,-880.00
249,20131201,4,1,3,3,1802.00,10.00,20.00,36040.00,1802.00,34238.00,18020.00,16218.00
250,20141201,4,5,3,3,2663.00,10.00,20.00,53260.00,2663.00,50597.00,26630.00,23967.00
251,20131201,4,2,3,3,2136.00,10.00,7.00,14952.00,747.60,14204.40,10680.00,3524.40
252,20131201,4,3,4,3,2116.00,10.00,15.00,31740.00,1587.00,30153.00,21160.00,8993.00
253,20140101,6,5,4,3,555.00,120.00,15.00,8325.00,416.25,7908.75,5550.00,2358.75
254,20140101,6,4,4,3,2861.00,120.00,15.00,42915.00,2145.75,40769.25,28610.00,12159.25
255,20140201,6,3,2,3,807.00,120.00,125.00,100875.00,5043.75,95831.25,96840.00,-1008.75
256,20140601,6,5,3,3,602.00,120.00,350.00,210700.00,10535.00,200165.00,156520.00,43645.00
257,20140801,6,5,3,3,2832.00,120.00,20.00,56640.00,2832.00,53808.00,28320.00,25488.00
258,20140801,6,2,3,3,1579.00,120.00,20.00,31580.00,1579.00,30001.00,15790.00,14211.00
259,20141001,6,5,2,3,861.00,120.00,125.00,107625.00,5381.25,102243.75,103320.00,-1076.25
260,20131001,6,2,2,3,704.00,120.00,125.00,88000.00,4400.00,83600.00,84480.00,-880.00
261,20131201,6,2,3,3,1033.00,120.00,20.00,20660.00,1033.00,19627.00,10330.00,9297.00
262,20141201,6,3,5,3,1250.00,120.00,300.00,375000.00,18750.00,356250.00,312500.00,43750.00
263,20131001,5,1,3,3,1389.00,250.00,20.00,27780.00,1389.00,26391.00,13890.00,12501.00
264,20131101,5,5,3,3,1265.00,250.00,20.00,25300.00,1265.00,24035.00,12650.00,11385.00
265,20131101,5,3,3,3,2297.00,250.00,20.00,45940.00,2297.00,43643.00,22970.00,20673.00
266,20141201,5,5,3,3,2663.00,250.00,20.00,53260.00,2663.00,50597.00,26630.00,23967.00
267,20141201,5,5,3,3,570.00,250.00,7.00,3990.00,199.50,3790.50,2850.00,940.50
268,20141201,5,2,3,3,2487.00,250.00,7.00,17409.00,870.45,16538.55,12435.00,4103.55
269,20140201,1,3,3,3,1350.00,260.00,350.00,472500.00,23625.00,448875.00,351000.00,97875.00
270,20140801,1,1,3,3,552.00,260.00,350.00,193200.00,9660.00,183540.00,143520.00,40020.00
271,20131001,1,1,3,3,1228.00,260.00,350.00,429800.00,21490.00,408310.00,319280.00,89030.00
272,20141201,1,3,5,3,1250.00,260.00,300.00,375000.00,18750.00,356250.00,312500.00,43750.00
273,20140401,4,2,4,3,3801.00,10.00,15.00,57015.00,3420.90,53594.10,38010.00,15584.10
274,20140101,2,5,3,3,1117.50,3.00,20.00,22350.00,1341.00,21009.00,11175.00,9834.00
275,20140601,2,1,4,3,2844.00,3.00,15.00,42660.00,2559.60,40100.40,28440.00,11660.40
276,20140901,2,4,1,3,562.00,3.00,12.00,6744.00,404.64,6339.36,1686.00,4653.36
277,20131001,2,1,1,3,2299.00,3.00,12.00,27588.00,1655.28,25932.72,6897.00,19035.72
278,20141101,2,5,4,3,2030.00,3.00,15.00,30450.00,1827.00,28623.00,20300.00,8323.00
279,20131101,2,5,3,3,263.00,3.00,7.00,1841.00,110.46,1730.54,1315.00,415.54
280,20131201,2,3,2,3,887.00,3.00,125.00,110875.00,6652.50,104222.50,106440.00,-2217.50
281,20140401,3,4,3,3,980.00,5.00,350.00,343000.00,20580.00,322420.00,254800.00,67620.00
282,20140501,3,3,3,3,1460.00,5.00,350.00,511000.00,30660.00,480340.00,379600.00,100740.00
283,20131001,3,2,3,3,1403.00,5.00,7.00,9821.00,589.26,9231.74,7015.00,2216.74
284,20141101,3,5,1,3,2723.00,5.00,12.00,32676.00,1960.56,30715.44,8169.00,22546.44
285,20140601,4,2,3,3,1496.00,10.00,350.00,523600.00,31416.00,492184.00,388960.00,103224.00
286,20131001,4,1,1,3,2299.00,10.00,12.00,27588.00,1655.28,25932.72,6897.00,19035.72
287,20131001,4,5,3,3,727.00,10.00,350.00,254450.00,15267.00,239183.00,189020.00,50163.00
288,20140201,6,1,2,3,952.00,120.00,125.00,119000.00,7140.00,111860.00,114240.00,-2380.00
289,20140201,6,5,2,3,2755.00,120.00,125.00,344375.00,20662.50,323712.50,330600.00,-6887.50
290,20140501,6,3,4,3,1530.00,120.00,15.00,22950.00,1377.00,21573.00,15300.00,6273.00
291,20140601,6,2,3,3,1496.00,120.00,350.00,523600.00,31416.00,492184.00,388960.00,103224.00
292,20140601,6,4,3,3,1498.00,120.00,7.00,10486.00,629.16,9856.84,7490.00,2366.84
293,20131001,6,2,5,3,1221.00,120.00,300.00,366300.00,21978.00,344322.00,305250.00,39072.00
294,20131001,6,2,3,3,2076.00,120.00,350.00,726600.00,43596.00,683004.00,539760.00,143244.00
295,20140601,5,1,4,3,2844.00,250.00,15.00,42660.00,2559.60,40100.40,28440.00,11660.40
296,20140601,5,4,3,3,1498.00,250.00,7.00,10486.00,629.16,9856.84,7490.00,2366.84
297,20131001,5,2,5,3,1221.00,250.00,300.00,366300.00,21978.00,344322.00,305250.00,39072.00
298,20131101,5,4,3,3,1123.00,250.00,20.00,22460.00,1347.60,21112.40,11230.00,9882.40
299,20131201,5,1,5,3,2436.00,250.00,300.00,730800.00,43848.00,686952.00,609000.00,77952.00
300,20140101,1,2,2,3,1987.50,260.00,125.00,248437.50,14906.25,233531.25,238500.00,-4968.75
301,20140901,1,4,3,3,1679.00,260.00,350.00,587650.00,35259.00,552391.00,436540.00,115851.00
302,20131001,1,5,3,3,727.00,260.00,350.00,254450.00,15267.00,239183.00,189020.00,50163.00
303,20131001,1,2,3,3,1403.00,260.00,7.00,9821.00,589.26,9231.74,7015.00,2216.74
304,20131001,1,2,3,3,2076.00,260.00,350.00,726600.00,43596.00,683004.00,539760.00,143244.00
305,20131001,3,2,3,3,1757.00,5.00,20.00,35140.00,2108.40,33031.60,17570.00,15461.60
306,20140801,4,5,4,3,2198.00,10.00,15.00,32970.00,1978.20,30991.80,21980.00,9011.80
307,20140801,4,3,4,3,1743.00,10.00,15.00,26145.00,1568.70,24576.30,17430.00,7146.30
308,20141001,4,5,4,3,1153.00,10.00,15.00,17295.00,1037.70,16257.30,11530.00,4727.30
309,20131001,4,2,3,3,1757.00,10.00,20.00,35140.00,2108.40,33031.60,17570.00,15461.60
310,20140801,6,3,3,3,1001.00,120.00,20.00,20020.00,1201.20,18818.80,10010.00,8808.80
311,20141101,6,4,3,3,1333.00,120.00,7.00,9331.00,559.86,8771.14,6665.00,2106.14
312,20141001,5,5,4,3,1153.00,250.00,15.00,17295.00,1037.70,16257.30,11530.00,4727.30
313,20140201,2,4,1,3,727.00,3.00,12.00,8724.00,610.68,8113.32,2181.00,5932.32
314,20140801,2,1,1,3,1884.00,3.00,12.00,22608.00,1582.56,21025.44,5652.00,15373.44
315,20130901,2,4,3,3,1834.00,3.00,20.00,36680.00,2567.60,34112.40,18340.00,15772.40
316,20140101,3,4,1,3,2340.00,5.00,12.00,28080.00,1965.60,26114.40,7020.00,19094.40
317,20141101,3,2,1,3,2342.00,5.00,12.00,28104.00,1967.28,26136.72,7026.00,19110.72
318,20130901,4,2,3,3,1031.00,10.00,7.00,7217.00,505.19,6711.81,5155.00,1556.81
319,20140501,6,1,4,3,1262.00,120.00,15.00,18930.00,1325.10,17604.90,12620.00,4984.90
320,20140601,6,1,3,3,1135.00,120.00,7.00,7945.00,556.15,7388.85,5675.00,1713.85
321,20141101,6,5,3,3,547.00,120.00,7.00,3829.00,268.03,3560.97,2735.00,825.97
322,20141201,6,1,3,3,1582.00,120.00,7.00,11074.00,775.18,10298.82,7910.00,2388.82
323,20140401,5,2,1,3,1738.50,250.00,12.00,20862.00,1460.34,19401.66,5215.50,14186.16
324,20130901,5,3,1,3,2215.00,250.00,12.00,26580.00,1860.60,24719.40,6645.00,18074.40
325,20141201,5,1,3,3,1582.00,250.00,7.00,11074.00,775.18,10298.82,7910.00,2388.82
326,20140601,1,1,3,3,1135.00,260.00,7.00,7945.00,556.15,7388.85,5675.00,1713.85
327,20140301,2,5,3,3,1761.00,3.00,350.00,616350.00,43144.50,573205.50,457860.00,115345.50
328,20140601,2,2,5,3,448.00,3.00,300.00,134400.00,9408.00,124992.00,112000.00,12992.00
329,20141001,2,2,5,3,2181.00,3.00,300.00,654300.00,45801.00,608499.00,545250.00,63249.00
330,20141001,3,2,3,3,1976.00,5.00,20.00,39520.00,2766.40,36753.60,19760.00,16993.60
331,20141001,3,2,5,3,2181.00,5.00,300.00,654300.00,45801.00,608499.00,545250.00,63249.00
332,20131101,3,3,2,3,2500.00,5.00,125.00,312500.00,21875.00,290625.00,300000.00,-9375.00
333,20140501,4,1,5,3,1702.00,10.00,300.00,510600.00,35742.00,474858.00,425500.00,49358.00
334,20140601,4,2,5,3,448.00,10.00,300.00,134400.00,9408.00,124992.00,112000.00,12992.00
335,20140701,4,3,2,3,3513.00,10.00,125.00,439125.00,30738.75,408386.25,421560.00,-13173.75
336,20140801,4,2,4,3,2101.00,10.00,15.00,31515.00,2206.05,29308.95,21010.00,8298.95
337,20130901,4,5,4,3,2931.00,10.00,15.00,43965.00,3077.55,40887.45,29310.00,11577.45
338,20140901,4,2,3,3,1535.00,10.00,20.00,30700.00,2149.00,28551.00,15350.00,13201.00
339,20130901,4,3,5,3,1123.00,10.00,300.00,336900.00,23583.00,313317.00,280750.00,32567.00
340,20131101,4,1,5,3,1404.00,10.00,300.00,421200.00,29484.00,391716.00,351000.00,40716.00
341,20131101,4,4,1,3,2763.00,10.00,12.00,33156.00,2320.92,30835.08,8289.00,22546.08
342,20131201,4,3,3,3,2125.00,10.00,7.00,14875.00,1041.25,13833.75,10625.00,3208.75
343,20140701,6,2,5,3,1659.00,120.00,300.00,497700.00,34839.00,462861.00,414750.00,48111.00
344,20140801,6,4,3,3,609.00,120.00,20.00,12180.00,852.60,11327.40,6090.00,5237.40
345,20140901,6,3,2,3,2087.00,120.00,125.00,260875.00,18261.25,242613.75,250440.00,-7826.25
346,20141001,6,2,3,3,1976.00,120.00,20.00,39520.00,2766.40,36753.60,19760.00,16993.60
347,20131201,6,5,3,3,1421.00,120.00,20.00,28420.00,1989.40,26430.60,14210.00,12220.60
348,20141201,6,5,5,3,1372.00,120.00,300.00,411600.00,28812.00,382788.00,343000.00,39788.00
349,20131201,6,3,3,3,588.00,120.00,20.00,11760.00,823.20,10936.80,5880.00,5056.80
350,20140101,5,1,1,3,3244.50,250.00,12.00,38934.00,2725.38,36208.62,9733.50,26475.12
351,20140201,5,2,5,3,959.00,250.00,300.00,287700.00,20139.00,267561.00,239750.00,27811.00
352,20140201,5,4,5,3,2747.00,250.00,300.00,824100.00,57687.00,766413.00,686750.00,79663.00
353,20140501,1,1,2,3,1645.00,260.00,125.00,205625.00,14393.75,191231.25,197400.00,-6168.75
354,20140901,1,2,3,3,2876.00,260.00,350.00,1006600.00,70462.00,936138.00,747760.00,188378.00
355,20130901,1,3,2,3,994.00,260.00,125.00,124250.00,8697.50,115552.50,119280.00,-3727.50
356,20141101,1,1,3,3,1118.00,260.00,20.00,22360.00,1565.20,20794.80,11180.00,9614.80
357,20141201,1,5,5,3,1372.00,260.00,300.00,411600.00,28812.00,382788.00,343000.00,39788.00
358,20140201,3,1,3,3,488.00,5.00,7.00,3416.00,273.28,3142.72,2440.00,702.72
359,20140601,3,5,3,3,1282.00,5.00,20.00,25640.00,2051.20,23588.80,12820.00,10768.80
360,20140501,4,1,3,3,257.00,10.00,7.00,1799.00,143.92,1655.08,1285.00,370.08
361,20140601,1,5,3,3,1282.00,260.00,20.00,25640.00,2051.20,23588.80,12820.00,10768.80
362,20140801,2,4,2,3,1540.00,3.00,125.00,192500.00,15400.00,177100.00,184800.00,-7700.00
363,20141101,2,2,4,3,490.00,3.00,15.00,7350.00,588.00,6762.00,4900.00,1862.00
364,20141201,2,4,3,3,1362.00,3.00,350.00,476700.00,38136.00,438564.00,354120.00,84444.00
365,20140301,3,2,4,3,2501.00,5.00,15.00,37515.00,3001.20,34513.80,25010.00,9503.80
366,20140601,3,1,3,3,708.00,5.00,20.00,14160.00,1132.80,13027.20,7080.00,5947.20
367,20140701,3,3,3,3,645.00,5.00,20.00,12900.00,1032.00,11868.00,6450.00,5418.00
368,20140801,3,2,5,3,1562.00,5.00,300.00,468600.00,37488.00,431112.00,390500.00,40612.00
369,20130901,3,1,5,3,1283.00,5.00,300.00,384900.00,30792.00,354108.00,320750.00,33358.00
370,20141201,3,3,4,3,711.00,5.00,15.00,10665.00,853.20,9811.80,7110.00,2701.80
371,20140301,4,4,2,3,1114.00,10.00,125.00,139250.00,11140.00,128110.00,133680.00,-5570.00
372,20140401,4,3,3,3,1259.00,10.00,7.00,8813.00,705.04,8107.96,6295.00,1812.96
373,20140501,4,3,3,3,1095.00,10.00,7.00,7665.00,613.20,7051.80,5475.00,1576.80
374,20140601,4,3,3,3,1366.00,10.00,20.00,27320.00,2185.60,25134.40,13660.00,11474.40
375,20140601,4,4,5,3,2460.00,10.00,300.00,738000.00,59040.00,678960.00,615000.00,63960.00
376,20140801,4,5,3,3,678.00,10.00,7.00,4746.00,379.68,4366.32,3390.00,976.32
377,20140801,4,3,3,3,1598.00,10.00,7.00,11186.00,894.88,10291.12,7990.00,2301.12
378,20130901,4,3,3,3,2409.00,10.00,7.00,16863.00,1349.04,15513.96,12045.00,3468.96
379,20140901,4,3,3,3,1934.00,10.00,20.00,38680.00,3094.40,35585.60,19340.00,16245.60
380,20140901,4,4,3,3,2993.00,10.00,20.00,59860.00,4788.80,55071.20,29930.00,25141.20
381,20131101,4,3,3,3,2146.00,10.00,350.00,751100.00,60088.00,691012.00,557960.00,133052.00
382,20131201,4,4,3,3,1946.00,10.00,7.00,13622.00,1089.76,12532.24,9730.00,2802.24
383,20141201,4,4,3,3,1362.00,10.00,350.00,476700.00,38136.00,438564.00,354120.00,84444.00
384,20140301,6,1,1,3,598.00,120.00,12.00,7176.00,574.08,6601.92,1794.00,4807.92
385,20140601,6,5,3,3,2907.00,120.00,7.00,20349.00,1627.92,18721.08,14535.00,4186.08
386,20140601,6,3,3,3,2338.00,120.00,7.00,16366.00,1309.28,15056.72,11690.00,3366.72
387,20131101,6,2,5,3,386.00,120.00,300.00,115800.00,9264.00,106536.00,96500.00,10036.00
388,20141201,6,4,5,3,635.00,120.00,300.00,190500.00,15240.00,175260.00,158750.00,16510.00
389,20140401,5,2,3,3,574.50,250.00,350.00,201075.00,16086.00,184989.00,149370.00,35619.00
390,20140601,5,3,3,3,2338.00,250.00,7.00,16366.00,1309.28,15056.72,11690.00,3366.72
391,20140801,5,2,3,3,381.00,250.00,350.00,133350.00,10668.00,122682.00,99060.00,23622.00
392,20140801,5,3,3,3,422.00,250.00,350.00,147700.00,11816.00,135884.00,109720.00,26164.00
393,20140901,5,1,5,3,2134.00,250.00,300.00,640200.00,51216.00,588984.00,533500.00,55484.00
394,20131201,5,5,5,3,808.00,250.00,300.00,242400.00,19392.00,223008.00,202000.00,21008.00
395,20140601,1,1,3,3,708.00,260.00,20.00,14160.00,1132.80,13027.20,7080.00,5947.20
396,20140601,1,5,3,3,2907.00,260.00,7.00,20349.00,1627.92,18721.08,14535.00,4186.08
397,20140601,1,3,3,3,1366.00,260.00,20.00,27320.00,2185.60,25134.40,13660.00,11474.40
398,20140601,1,4,5,3,2460.00,260.00,300.00,738000.00,59040.00,678960.00,615000.00,63960.00
399,20141101,1,3,3,3,1520.00,260.00,20.00,30400.00,2432.00,27968.00,15200.00,12768.00
400,20141201,1,3,4,3,711.00,260.00,15.00,10665.00,853.20,9811.80,7110.00,2701.80
401,20131201,1,4,1,3,1375.00,260.00,12.00,16500.00,1320.00,15180.00,4125.00,11055.00
402,20141201,1,4,5,3,635.00,260.00,300.00,190500.00,15240.00,175260.00,158750.00,16510.00
403,20140701,5,5,3,3,436.50,250.00,20.00,8730.00,698.40,8031.60,4365.00,3666.60
404,20140601,2,1,5,3,1094.00,3.00,300.00,328200.00,29538.00,298662.00,273500.00,25162.00
405,20131001,2,4,1,3,367.00,3.00,12.00,4404.00,396.36,4007.64,1101.00,2906.64
406,20140401,3,1,5,3,3802.50,5.00,300.00,1140750.00,102667.50,1038082.50,950625.00,87457.50
407,20140501,3,2,3,3,1666.00,5.00,350.00,583100.00,52479.00,530621.00,433160.00,97461.00
408,20130901,3,2,5,3,322.00,5.00,300.00,96600.00,8694.00,87906.00,80500.00,7406.00
409,20141101,3,1,1,3,2321.00,5.00,12.00,27852.00,2506.68,25345.32,6963.00,18382.32
410,20131101,3,2,2,3,1857.00,5.00,125.00,232125.00,20891.25,211233.75,222840.00,-11606.25
411,20131201,3,1,3,3,1611.00,5.00,7.00,11277.00,1014.93,10262.07,8055.00,2207.07
412,20141201,3,5,2,3,2797.00,5.00,125.00,349625.00,31466.25,318158.75,335640.00,-17481.25
413,20131201,3,3,5,3,334.00,5.00,300.00,100200.00,9018.00,91182.00,83500.00,7682.00
414,20140101,4,4,5,3,2565.00,10.00,300.00,769500.00,69255.00,700245.00,641250.00,58995.00
415,20140101,4,4,3,3,2417.00,10.00,350.00,845950.00,76135.50,769814.50,628420.00,141394.50
416,20140401,4,5,4,3,3675.00,10.00,15.00,55125.00,4961.25,50163.75,36750.00,13413.75
417,20140601,4,1,5,3,1094.00,10.00,300.00,328200.00,29538.00,298662.00,273500.00,25162.00
418,20141001,4,2,4,3,1227.00,10.00,15.00,18405.00,1656.45,16748.55,12270.00,4478.55
419,20131001,4,4,1,3,367.00,10.00,12.00,4404.00,396.36,4007.64,1101.00,2906.64
420,20141101,4,2,5,3,1324.00,10.00,300.00,397200.00,35748.00,361452.00,331000.00,30452.00
421,20131101,4,3,1,3,1775.00,10.00,12.00,21300.00,1917.00,19383.00,5325.00,14058.00
422,20141201,4,5,2,3,2797.00,10.00,125.00,349625.00,31466.25,318158.75,335640.00,-17481.25
423,20140501,6,4,4,3,245.00,120.00,15.00,3675.00,330.75,3344.25,2450.00,894.25
424,20140701,6,1,5,3,3793.50,120.00,300.00,1138050.00,102424.50,1035625.50,948375.00,87250.50
425,20140701,6,3,3,3,1307.00,120.00,350.00,457450.00,41170.50,416279.50,339820.00,76459.50
426,20140901,6,1,2,3,567.00,120.00,125.00,70875.00,6378.75,64496.25,68040.00,-3543.75
427,20140901,6,4,2,3,2110.00,120.00,125.00,263750.00,23737.50,240012.50,253200.00,-13187.50
428,20141001,6,1,3,3,1269.00,120.00,350.00,444150.00,39973.50,404176.50,329940.00,74236.50
429,20140101,5,5,1,3,1956.00,250.00,12.00,23472.00,2112.48,21359.52,5868.00,15491.52
430,20140201,5,3,5,3,2659.00,250.00,300.00,797700.00,71793.00,725907.00,664750.00,61157.00
431,20140401,5,5,3,3,1351.50,250.00,350.00,473025.00,42572.25,430452.75,351390.00,79062.75
432,20140501,5,3,1,3,880.00,250.00,12.00,10560.00,950.40,9609.60,2640.00,6969.60
433,20140901,5,5,5,3,1867.00,250.00,300.00,560100.00,50409.00,509691.00,466750.00,42941.00
434,20130901,5,2,1,3,2234.00,250.00,12.00,26808.00,2412.72,24395.28,6702.00,17693.28
435,20141001,5,2,4,3,1227.00,250.00,15.00,18405.00,1656.45,16748.55,12270.00,4478.55
436,20141101,5,4,2,3,877.00,250.00,125.00,109625.00,9866.25,99758.75,105240.00,-5481.25
437,20140901,1,5,3,3,2071.00,260.00,350.00,724850.00,65236.50,659613.50,538460.00,121153.50
438,20141001,1,1,3,3,1269.00,260.00,350.00,444150.00,39973.50,404176.50,329940.00,74236.50
439,20131101,1,3,4,3,970.00,260.00,15.00,14550.00,1309.50,13240.50,9700.00,3540.50
440,20141101,1,4,3,3,1694.00,260.00,20.00,33880.00,3049.20,30830.80,16940.00,13890.80
441,20140501,2,3,3,3,663.00,3.00,20.00,13260.00,1193.40,12066.60,6630.00,5436.60
442,20140701,2,1,3,3,819.00,3.00,7.00,5733.00,515.97,5217.03,4095.00,1122.03
443,20140901,2,3,1,3,1580.00,3.00,12.00,18960.00,1706.40,17253.60,4740.00,12513.60
444,20141201,2,4,3,3,521.00,3.00,7.00,3647.00,328.23,3318.77,2605.00,713.77
445,20140301,4,5,3,3,973.00,10.00,20.00,19460.00,1751.40,17708.60,9730.00,7978.60
446,20140601,4,4,3,3,1038.00,10.00,20.00,20760.00,1868.40,18891.60,10380.00,8511.60
447,20141001,4,3,3,3,360.00,10.00,7.00,2520.00,226.80,2293.20,1800.00,493.20
448,20140301,6,2,1,3,1967.00,120.00,12.00,23604.00,2124.36,21479.64,5901.00,15578.64
449,20140401,6,4,4,3,2628.00,120.00,15.00,39420.00,3547.80,35872.20,26280.00,9592.20
450,20141001,5,3,3,3,360.00,250.00,7.00,2520.00,226.80,2293.20,1800.00,493.20
451,20131101,5,2,3,3,2682.00,250.00,20.00,53640.00,4827.60,48812.40,26820.00,21992.40
452,20141201,5,4,3,3,521.00,250.00,7.00,3647.00,328.23,3318.77,2605.00,713.77
453,20140601,1,4,3,3,1038.00,260.00,20.00,20760.00,1868.40,18891.60,10380.00,8511.60
454,20140701,1,1,4,3,1630.50,260.00,15.00,24457.50,2201.18,22256.32,16305.00,5951.32
455,20131201,1,2,1,3,306.00,260.00,12.00,3672.00,330.48,3341.52,918.00,2423.52
456,20131001,2,5,1,1,386.00,3.00,12.00,4632.00,463.20,4168.80,1158.00,3010.80
457,20140901,3,5,3,1,2328.00,5.00,7.00,16296.00,1629.60,14666.40,11640.00,3026.40
458,20131001,4,5,1,1,386.00,10.00,12.00,4632.00,463.20,4168.80,1158.00,3010.80
459,20140401,2,5,2,1,3445.50,3.00,125.00,430687.50,43068.75,387618.75,413460.00,-25841.25
460,20131201,2,2,2,1,1482.00,3.00,125.00,185250.00,18525.00,166725.00,177840.00,-11115.00
461,20140501,3,5,3,1,2313.00,5.00,350.00,809550.00,80955.00,728595.00,601380.00,127215.00
462,20131101,3,5,2,1,1804.00,5.00,125.00,225500.00,22550.00,202950.00,216480.00,-13530.00
463,20141201,3,2,4,1,2072.00,5.00,15.00,31080.00,3108.00,27972.00,20720.00,7252.00
464,20140301,4,2,3,1,1954.00,10.00,20.00,39080.00,3908.00,35172.00,19540.00,15632.00
465,20140501,4,4,5,1,591.00,10.00,300.00,177300.00,17730.00,159570.00,147750.00,11820.00
466,20131001,4,2,4,1,2167.00,10.00,15.00,32505.00,3250.50,29254.50,21670.00,7584.50
467,20141001,4,3,3,1,241.00,10.00,20.00,4820.00,482.00,4338.00,2410.00,1928.00
468,20140101,6,3,4,1,681.00,120.00,15.00,10215.00,1021.50,9193.50,6810.00,2383.50
469,20140401,6,3,4,1,510.00,120.00,15.00,7650.00,765.00,6885.00,5100.00,1785.00
470,20140501,6,5,4,1,790.00,120.00,15.00,11850.00,1185.00,10665.00,7900.00,2765.00
471,20140701,6,2,3,1,639.00,120.00,350.00,223650.00,22365.00,201285.00,166140.00,35145.00
472,20140901,6,5,2,1,1596.00,120.00,125.00,199500.00,19950.00,179550.00,191520.00,-11970.00
473,20131001,6,5,5,1,2294.00,120.00,300.00,688200.00,68820.00,619380.00,573500.00,45880.00
474,20141001,6,3,3,1,241.00,120.00,20.00,4820.00,482.00,4338.00,2410.00,1928.00
475,20141101,6,3,3,1,2665.00,120.00,7.00,18655.00,1865.50,16789.50,13325.00,3464.50
476,20131201,6,1,2,1,1916.00,120.00,125.00,239500.00,23950.00,215550.00,229920.00,-14370.00
477,20141201,6,2,5,1,853.00,120.00,300.00,255900.00,25590.00,230310.00,213250.00,17060.00
478,20140501,5,4,2,1,341.00,250.00,125.00,42625.00,4262.50,38362.50,40920.00,-2557.50
479,20140701,5,4,4,1,641.00,250.00,15.00,9615.00,961.50,8653.50,6410.00,2243.50
480,20140801,5,5,3,1,2807.00,250.00,350.00,982450.00,98245.00,884205.00,729820.00,154385.00
481,20140901,5,4,5,1,432.00,250.00,300.00,129600.00,12960.00,116640.00,108000.00,8640.00
482,20131001,5,5,5,1,2294.00,250.00,300.00,688200.00,68820.00,619380.00,573500.00,45880.00
483,20131001,5,2,4,1,2167.00,250.00,15.00,32505.00,3250.50,29254.50,21670.00,7584.50
484,20141101,5,1,2,1,2529.00,250.00,125.00,316125.00,31612.50,284512.50,303480.00,-18967.50
485,20131201,5,3,3,1,1870.00,250.00,350.00,654500.00,65450.00,589050.00,486200.00,102850.00
486,20140101,1,5,2,1,579.00,260.00,125.00,72375.00,7237.50,65137.50,69480.00,-4342.50
487,20140201,1,1,3,1,2240.00,260.00,350.00,784000.00,78400.00,705600.00,582400.00,123200.00
488,20140301,1,5,5,1,2993.00,260.00,300.00,897900.00,89790.00,808110.00,748250.00,59860.00
489,20140401,1,1,1,1,3520.50,260.00,12.00,42246.00,4224.60,38021.40,10561.50,27459.90
490,20140501,1,4,3,1,2039.00,260.00,20.00,40780.00,4078.00,36702.00,20390.00,16312.00
491,20140801,1,3,1,1,2574.00,260.00,12.00,30888.00,3088.80,27799.20,7722.00,20077.20
492,20140901,1,1,3,1,707.00,260.00,350.00,247450.00,24745.00,222705.00,183820.00,38885.00
493,20141201,1,2,4,1,2072.00,260.00,15.00,31080.00,3108.00,27972.00,20720.00,7252.00
494,20141201,1,2,5,1,853.00,260.00,300.00,255900.00,25590.00,230310.00,213250.00,17060.00
495,20131001,2,2,1,1,1198.00,3.00,12.00,14376.00,1581.36,12794.64,3594.00,9200.64
496,20140401,4,2,3,1,2532.00,10.00,7.00,17724.00,1949.64,15774.36,12660.00,3114.36
497,20131001,4,2,1,1,1198.00,10.00,12.00,14376.00,1581.36,12794.64,3594.00,9200.64
498,20140101,6,1,4,1,384.00,120.00,15.00,5760.00,633.60,5126.40,3840.00,1286.40
499,20141001,6,3,1,1,472.00,120.00,12.00,5664.00,623.04,5040.96,1416.00,3624.96
500,20140301,5,5,3,1,1579.00,250.00,7.00,11053.00,1215.83,9837.17,7895.00,1942.17
501,20130901,5,4,1,1,1005.00,250.00,12.00,12060.00,1326.60,10733.40,3015.00,7718.40
502,20140701,1,5,4,1,3199.50,260.00,15.00,47992.50,5279.17,42713.32,31995.00,10718.32
503,20141001,1,3,1,1,472.00,260.00,12.00,5664.00,623.04,5040.96,1416.00,3624.96
504,20140201,2,1,1,1,1937.00,3.00,12.00,23244.00,2556.84,20687.16,5811.00,14876.16
505,20140301,2,3,3,1,792.00,3.00,350.00,277200.00,30492.00,246708.00,205920.00,40788.00
506,20140701,2,3,5,1,2811.00,3.00,300.00,843300.00,92763.00,750537.00,702750.00,47787.00
507,20141001,2,2,2,1,2441.00,3.00,125.00,305125.00,33563.75,271561.25,292920.00,-21358.75
508,20131101,2,1,4,1,1560.00,3.00,15.00,23400.00,2574.00,20826.00,15600.00,5226.00
509,20131101,2,4,3,1,2706.00,3.00,7.00,18942.00,2083.62,16858.38,13530.00,3328.38
510,20140101,3,3,3,1,766.00,5.00,350.00,268100.00,29491.00,238609.00,199160.00,39449.00
511,20131001,3,3,3,1,2992.00,5.00,20.00,59840.00,6582.40,53257.60,29920.00,23337.60
512,20141201,3,4,4,1,2157.00,5.00,15.00,32355.00,3559.05,28795.95,21570.00,7225.95
513,20140101,4,1,5,1,873.00,10.00,300.00,261900.00,28809.00,233091.00,218250.00,14841.00
514,20140301,4,4,3,1,1122.00,10.00,20.00,22440.00,2468.40,19971.60,11220.00,8751.60
515,20140701,4,1,3,1,2104.50,10.00,350.00,736575.00,81023.25,655551.75,547170.00,108381.75
516,20140701,4,1,1,1,4026.00,10.00,12.00,48312.00,5314.32,42997.68,12078.00,30919.68
517,20140701,4,2,1,1,2425.50,10.00,12.00,29106.00,3201.66,25904.34,7276.50,18627.84
518,20140801,4,1,3,1,2394.00,10.00,20.00,47880.00,5266.80,42613.20,23940.00,18673.20
519,20140801,4,4,4,1,1984.00,10.00,15.00,29760.00,3273.60,26486.40,19840.00,6646.40
520,20141001,4,2,2,1,2441.00,10.00,125.00,305125.00,33563.75,271561.25,292920.00,-21358.75
521,20131001,4,3,3,1,2992.00,10.00,20.00,59840.00,6582.40,53257.60,29920.00,23337.60
522,20141101,4,1,5,1,1366.00,10.00,300.00,409800.00,45078.00,364722.00,341500.00,23222.00
523,20130901,6,2,3,1,2805.00,120.00,20.00,56100.00,6171.00,49929.00,28050.00,21879.00
524,20130901,6,4,4,1,655.00,120.00,15.00,9825.00,1080.75,8744.25,6550.00,2194.25
525,20131001,6,4,3,1,344.00,120.00,350.00,120400.00,13244.00,107156.00,89440.00,17716.00
526,20141101,6,1,3,1,1808.00,120.00,7.00,12656.00,1392.16,11263.84,9040.00,2223.84
527,20140101,5,2,1,1,1734.00,250.00,12.00,20808.00,2288.88,18519.12,5202.00,13317.12
528,20140101,5,4,2,1,554.00,250.00,125.00,69250.00,7617.50,61632.50,66480.00,-4847.50
529,20131101,5,1,3,1,2935.00,250.00,20.00,58700.00,6457.00,52243.00,29350.00,22893.00
530,20140101,1,3,2,1,3165.00,260.00,125.00,395625.00,43518.75,352106.25,379800.00,-27693.75
531,20140101,1,4,3,1,2629.00,260.00,20.00,52580.00,5783.80,46796.20,26290.00,20506.20
532,20140501,1,2,2,1,1433.00,260.00,125.00,179125.00,19703.75,159421.25,171960.00,-12538.75
533,20130901,1,4,2,1,947.00,260.00,125.00,118375.00,13021.25,105353.75,113640.00,-8286.25
534,20131001,1,4,3,1,344.00,260.00,350.00,120400.00,13244.00,107156.00,89440.00,17716.00
535,20141201,1,4,4,1,2157.00,260.00,15.00,32355.00,3559.05,28795.95,21570.00,7225.95
536,20130901,4,5,3,1,380.00,10.00,7.00,2660.00,292.60,2367.40,1900.00,467.40
537,20140601,2,4,3,1,886.00,3.00,350.00,310100.00,37212.00,272888.00,230360.00,42528.00
538,20130901,2,1,2,1,2416.00,3.00,125.00,302000.00,36240.00,265760.00,289920.00,-24160.00
539,20141001,2,4,2,1,2156.00,3.00,125.00,269500.00,32340.00,237160.00,258720.00,-21560.00
540,20141101,2,1,4,1,2689.00,3.00,15.00,40335.00,4840.20,35494.80,26890.00,8604.80
541,20140301,3,5,4,1,677.00,5.00,15.00,10155.00,1218.60,8936.40,6770.00,2166.40
542,20140401,3,2,5,1,1773.00,5.00,300.00,531900.00,63828.00,468072.00,443250.00,24822.00
543,20140901,3,4,3,1,2420.00,5.00,7.00,16940.00,2032.80,14907.20,12100.00,2807.20
544,20141001,3,1,3,1,2734.00,5.00,7.00,19138.00,2296.56,16841.44,13670.00,3171.44
545,20131001,3,4,3,1,1715.00,5.00,20.00,34300.00,4116.00,30184.00,17150.00,13034.00
546,20131201,3,2,5,1,1186.00,5.00,300.00,355800.00,42696.00,313104.00,296500.00,16604.00
547,20140101,4,5,5,1,3495.00,10.00,300.00,1048500.00,125820.00,922680.00,873750.00,48930.00
548,20140601,4,4,3,1,886.00,10.00,350.00,310100.00,37212.00,272888.00,230360.00,42528.00
549,20141001,4,4,2,1,2156.00,10.00,125.00,269500.00,32340.00,237160.00,258720.00,-21560.00
550,20141001,4,4,3,1,905.00,10.00,20.00,18100.00,2172.00,15928.00,9050.00,6878.00
551,20131001,4,4,3,1,1715.00,10.00,20.00,34300.00,4116.00,30184.00,17150.00,13034.00
552,20141101,4,2,3,1,1594.00,10.00,350.00,557900.00,66948.00,490952.00,414440.00,76512.00
553,20141101,4,3,5,1,1359.00,10.00,300.00,407700.00,48924.00,358776.00,339750.00,19026.00
554,20141101,4,4,5,1,2150.00,10.00,300.00,645000.00,77400.00,567600.00,537500.00,30100.00
555,20141101,4,4,3,1,1197.00,10.00,350.00,418950.00,50274.00,368676.00,311220.00,57456.00
556,20131201,4,4,4,1,380.00,10.00,15.00,5700.00,684.00,5016.00,3800.00,1216.00
557,20141201,4,4,3,1,1233.00,10.00,20.00,24660.00,2959.20,21700.80,12330.00,9370.80
558,20140701,6,4,3,1,1395.00,120.00,350.00,488250.00,58590.00,429660.00,362700.00,66960.00
559,20141001,6,5,3,1,986.00,120.00,350.00,345100.00,41412.00,303688.00,256360.00,47328.00
560,20141001,6,4,3,1,905.00,120.00,20.00,18100.00,2172.00,15928.00,9050.00,6878.00
561,20140501,5,1,1,1,2109.00,250.00,12.00,25308.00,3036.96,22271.04,6327.00,15944.04
562,20140701,5,2,4,1,3874.50,250.00,15.00,58117.50,6974.10,51143.40,38745.00,12398.40
563,20130901,5,1,3,1,623.00,250.00,350.00,218050.00,26166.00,191884.00,161980.00,29904.00
564,20141001,5,5,3,1,986.00,250.00,350.00,345100.00,41412.00,303688.00,256360.00,47328.00
565,20141101,5,5,2,1,2387.00,250.00,125.00,298375.00,35805.00,262570.00,286440.00,-23870.00
566,20141201,5,4,3,1,1233.00,250.00,20.00,24660.00,2959.20,21700.80,12330.00,9370.80
567,20140201,1,5,3,1,270.00,260.00,350.00,94500.00,11340.00,83160.00,70200.00,12960.00
568,20140701,1,2,3,1,3421.50,260.00,7.00,23950.50,2874.06,21076.44,17107.50,3968.94
569,20141001,1,1,3,1,2734.00,260.00,7.00,19138.00,2296.56,16841.44,13670.00,3171.44
570,20131101,1,5,4,1,2548.00,260.00,15.00,38220.00,4586.40,33633.60,25480.00,8153.60
571,20140101,2,2,3,1,2521.50,3.00,20.00,50430.00,6051.60,44378.40,25215.00,19163.40
572,20140501,3,4,1,1,2661.00,5.00,12.00,31932.00,3831.84,28100.16,7983.00,20117.16
573,20141201,4,3,3,1,1531.00,10.00,20.00,30620.00,3674.40,26945.60,15310.00,11635.60
574,20140301,5,2,3,1,1491.00,250.00,7.00,10437.00,1252.44,9184.56,7455.00,1729.56
575,20141201,5,3,3,1,1531.00,250.00,20.00,30620.00,3674.40,26945.60,15310.00,11635.60
576,20130901,1,1,1,1,2761.00,260.00,12.00,33132.00,3975.84,29156.16,8283.00,20873.16
577,20140601,2,5,4,1,2567.00,3.00,15.00,38505.00,5005.65,33499.35,25670.00,7829.35
578,20140601,5,5,4,1,2567.00,250.00,15.00,38505.00,5005.65,33499.35,25670.00,7829.35
579,20140301,2,1,3,1,923.00,3.00,350.00,323050.00,41996.50,281053.50,239980.00,41073.50
580,20140301,2,2,3,1,1790.00,3.00,350.00,626500.00,81445.00,545055.00,465400.00,79655.00
581,20130901,2,3,3,1,442.00,3.00,20.00,8840.00,1149.20,7690.80,4420.00,3270.80
582,20140101,3,5,3,1,982.50,5.00,350.00,343875.00,44703.75,299171.25,255450.00,43721.25
583,20140201,3,5,3,1,1298.00,5.00,7.00,9086.00,1181.18,7904.82,6490.00,1414.82
584,20140601,3,4,1,1,604.00,5.00,12.00,7248.00,942.24,6305.76,1812.00,4493.76
585,20140701,3,4,3,1,2255.00,5.00,20.00,45100.00,5863.00,39237.00,22550.00,16687.00
586,20141001,3,1,3,1,1249.00,5.00,20.00,24980.00,3247.40,21732.60,12490.00,9242.60
587,20140101,4,5,3,1,1438.50,10.00,7.00,10069.50,1309.04,8760.47,7192.50,1567.96
588,20140101,4,3,5,1,807.00,10.00,300.00,242100.00,31473.00,210627.00,201750.00,8877.00
589,20140201,4,5,3,1,2641.00,10.00,20.00,52820.00,6866.60,45953.40,26410.00,19543.40
590,20140201,4,3,3,1,2708.00,10.00,20.00,54160.00,7040.80,47119.20,27080.00,20039.20
591,20140601,4,1,3,1,2632.00,10.00,350.00,921200.00,119756.00,801444.00,684320.00,117124.00
592,20140601,4,1,2,1,1583.00,10.00,125.00,197875.00,25723.75,172151.25,189960.00,-17808.75
593,20140701,4,4,1,1,571.00,10.00,12.00,6852.00,890.76,5961.24,1713.00,4248.24
594,20140801,4,2,3,1,2696.00,10.00,7.00,18872.00,2453.36,16418.64,13480.00,2938.64
595,20141001,4,1,4,1,1565.00,10.00,15.00,23475.00,3051.75,20423.25,15650.00,4773.25
596,20141001,4,1,3,1,1249.00,10.00,20.00,24980.00,3247.40,21732.60,12490.00,9242.60
597,20141101,4,3,3,1,357.00,10.00,350.00,124950.00,16243.50,108706.50,92820.00,15886.50
598,20141201,4,3,1,1,1013.00,10.00,12.00,12156.00,1580.28,10575.72,3039.00,7536.72
599,20140101,6,2,4,1,3997.50,120.00,15.00,59962.50,7795.12,52167.38,39975.00,12192.38
600,20140601,6,1,3,1,2632.00,120.00,350.00,921200.00,119756.00,801444.00,684320.00,117124.00
601,20140601,6,2,3,1,1190.00,120.00,7.00,8330.00,1082.90,7247.10,5950.00,1297.10
602,20140601,6,4,1,1,604.00,120.00,12.00,7248.00,942.24,6305.76,1812.00,4493.76
603,20130901,6,3,4,1,660.00,120.00,15.00,9900.00,1287.00,8613.00,6600.00,2013.00
604,20141001,6,4,1,1,410.00,120.00,12.00,4920.00,639.60,4280.40,1230.00,3050.40
605,20131101,6,4,5,1,2605.00,120.00,300.00,781500.00,101595.00,679905.00,651250.00,28655.00
606,20141201,6,3,1,1,1013.00,120.00,12.00,12156.00,1580.28,10575.72,3039.00,7536.72
607,20140601,5,1,2,1,1583.00,250.00,125.00,197875.00,25723.75,172151.25,189960.00,-17808.75
608,20141001,5,1,4,1,1565.00,250.00,15.00,23475.00,3051.75,20423.25,15650.00,4773.25
609,20140101,1,1,2,1,1659.00,260.00,125.00,207375.00,26958.75,180416.25,199080.00,-18663.75
610,20140601,1,2,3,1,1190.00,260.00,7.00,8330.00,1082.90,7247.10,5950.00,1297.10
611,20141001,1,4,1,1,410.00,260.00,12.00,4920.00,639.60,4280.40,1230.00,3050.40
612,20131201,1,3,1,1,1770.00,260.00,12.00,21240.00,2761.20,18478.80,5310.00,13168.80
613,20140401,2,4,3,1,2579.00,3.00,20.00,51580.00,7221.20,44358.80,25790.00,18568.80
614,20140501,2,5,3,1,1743.00,3.00,20.00,34860.00,4880.40,29979.60,17430.00,12549.60
615,20131001,2,5,3,1,2996.00,3.00,7.00,20972.00,2936.08,18035.92,14980.00,3055.92
616,20141201,2,3,3,1,280.00,3.00,7.00,1960.00,274.40,1685.60,1400.00,285.60
617,20140201,3,2,3,1,293.00,5.00,7.00,2051.00,287.14,1763.86,1465.00,298.86
618,20131001,3,5,3,1,2996.00,5.00,7.00,20972.00,2936.08,18035.92,14980.00,3055.92
619,20140201,4,3,4,1,278.00,10.00,15.00,4170.00,583.80,3586.20,2780.00,806.20
620,20140301,4,1,3,1,2428.00,10.00,20.00,48560.00,6798.40,41761.60,24280.00,17481.60
621,20140901,4,5,4,1,1767.00,10.00,15.00,26505.00,3710.70,22794.30,17670.00,5124.30
622,20141001,4,2,1,1,1393.00,10.00,12.00,16716.00,2340.24,14375.76,4179.00,10196.76
623,20141201,5,3,3,1,280.00,250.00,7.00,1960.00,274.40,1685.60,1400.00,285.60
624,20141001,1,2,1,1,1393.00,260.00,12.00,16716.00,2340.24,14375.76,4179.00,10196.76
625,20131201,1,5,1,1,2015.00,260.00,12.00,24180.00,3385.20,20794.80,6045.00,14749.80
626,20140701,2,4,5,1,801.00,3.00,300.00,240300.00,33642.00,206658.00,200250.00,6408.00
627,20130901,2,2,2,1,1023.00,3.00,125.00,127875.00,17902.50,109972.50,122760.00,-12787.50
628,20141001,2,1,5,1,1496.00,3.00,300.00,448800.00,62832.00,385968.00,374000.00,11968.00
629,20141001,2,5,5,1,1010.00,3.00,300.00,303000.00,42420.00,260580.00,252500.00,8080.00
630,20141101,2,3,4,1,1513.00,3.00,15.00,22695.00,3177.30,19517.70,15130.00,4387.70
631,20141201,2,1,4,1,2300.00,3.00,15.00,34500.00,4830.00,29670.00,23000.00,6670.00
632,20131201,2,4,2,1,2821.00,3.00,125.00,352625.00,49367.50,303257.50,338520.00,-35262.50
633,20140101,3,1,3,1,2227.50,5.00,350.00,779625.00,109147.50,670477.50,579150.00,91327.50
634,20140401,3,3,3,1,1199.00,5.00,350.00,419650.00,58751.00,360899.00,311740.00,49159.00
635,20140501,3,1,3,1,200.00,5.00,350.00,70000.00,9800.00,60200.00,52000.00,8200.00
636,20140901,3,1,3,1,388.00,5.00,7.00,2716.00,380.24,2335.76,1940.00,395.76
637,20131001,3,4,3,1,1727.00,5.00,7.00,12089.00,1692.46,10396.54,8635.00,1761.54
638,20141201,3,1,4,1,2300.00,5.00,15.00,34500.00,4830.00,29670.00,23000.00,6670.00
639,20140201,4,4,3,1,260.00,10.00,20.00,5200.00,728.00,4472.00,2600.00,1872.00
640,20130901,4,1,4,1,2470.00,10.00,15.00,37050.00,5187.00,31863.00,24700.00,7163.00
641,20131001,4,1,4,1,1743.00,10.00,15.00,26145.00,3660.30,22484.70,17430.00,5054.70
642,20141001,4,5,1,1,2914.00,10.00,12.00,34968.00,4895.52,30072.48,8742.00,21330.48
643,20141001,4,2,3,1,1731.00,10.00,7.00,12117.00,1696.38,10420.62,8655.00,1765.62
644,20141101,4,1,3,1,700.00,10.00,350.00,245000.00,34300.00,210700.00,182000.00,28700.00
645,20131101,4,1,1,1,2222.00,10.00,12.00,26664.00,3732.96,22931.04,6666.00,16265.04
646,20141101,4,5,3,1,1177.00,10.00,350.00,411950.00,57673.00,354277.00,306020.00,48257.00
647,20131101,4,2,3,1,1922.00,10.00,350.00,672700.00,94178.00,578522.00,499720.00,78802.00
648,20140201,6,4,2,1,1575.00,120.00,125.00,196875.00,27562.50,169312.50,189000.00,-19687.50
649,20140401,6,5,3,1,606.00,120.00,20.00,12120.00,1696.80,10423.20,6060.00,4363.20
650,20140701,6,5,5,1,2460.00,120.00,300.00,738000.00,103320.00,634680.00,615000.00,19680.00
651,20131001,6,1,5,1,269.00,120.00,300.00,80700.00,11298.00,69402.00,67250.00,2152.00
652,20131101,6,3,5,1,2536.00,120.00,300.00,760800.00,106512.00,654288.00,634000.00,20288.00
653,20140301,5,4,3,1,2903.00,250.00,7.00,20321.00,2844.94,17476.06,14515.00,2961.06
654,20140801,5,5,5,1,2541.00,250.00,300.00,762300.00,106722.00,655578.00,635250.00,20328.00
655,20131001,5,1,5,1,269.00,250.00,300.00,80700.00,11298.00,69402.00,67250.00,2152.00
656,20141001,5,1,5,1,1496.00,250.00,300.00,448800.00,62832.00,385968.00,374000.00,11968.00
657,20141001,5,5,5,1,1010.00,250.00,300.00,303000.00,42420.00,260580.00,252500.00,8080.00
658,20131201,5,2,3,1,1281.00,250.00,350.00,448350.00,62769.00,385581.00,333060.00,52521.00
659,20140301,1,1,5,1,888.00,260.00,300.00,266400.00,37296.00,229104.00,222000.00,7104.00
660,20140501,1,5,2,1,2844.00,260.00,125.00,355500.00,49770.00,305730.00,341280.00,-35550.00
661,20140801,1,2,1,1,2475.00,260.00,12.00,29700.00,4158.00,25542.00,7425.00,18117.00
662,20131001,1,1,4,1,1743.00,260.00,15.00,26145.00,3660.30,22484.70,17430.00,5054.70
663,20141001,1,5,1,1,2914.00,260.00,12.00,34968.00,4895.52,30072.48,8742.00,21330.48
664,20141001,1,2,3,1,1731.00,260.00,7.00,12117.00,1696.38,10420.62,8655.00,1765.62
665,20131001,1,4,3,1,1727.00,260.00,7.00,12089.00,1692.46,10396.54,8635.00,1761.54
666,20131101,1,4,4,1,1870.00,260.00,15.00,28050.00,3927.00,24123.00,18700.00,5423.00
667,20140801,2,2,2,1,1174.00,3.00,125.00,146750.00,22012.50,124737.50,140880.00,-16142.50
668,20140801,2,3,2,1,2767.00,3.00,125.00,345875.00,51881.25,293993.75,332040.00,-38046.25
669,20141001,2,3,2,1,1085.00,3.00,125.00,135625.00,20343.75,115281.25,130200.00,-14918.75
670,20141001,3,4,5,1,546.00,5.00,300.00,163800.00,24570.00,139230.00,136500.00,2730.00
671,20140301,4,3,3,1,1158.00,10.00,20.00,23160.00,3474.00,19686.00,11580.00,8106.00
672,20140401,4,1,4,1,1614.00,10.00,15.00,24210.00,3631.50,20578.50,16140.00,4438.50
673,20140401,4,4,3,1,2535.00,10.00,7.00,17745.00,2661.75,15083.25,12675.00,2408.25
674,20140501,4,4,3,1,2851.00,10.00,350.00,997850.00,149677.50,848172.50,741260.00,106912.50
675,20140801,4,1,4,1,2559.00,10.00,15.00,38385.00,5757.75,32627.25,25590.00,7037.25
676,20131001,4,5,3,1,267.00,10.00,20.00,5340.00,801.00,4539.00,2670.00,1869.00
677,20141001,4,3,2,1,1085.00,10.00,125.00,135625.00,20343.75,115281.25,130200.00,-14918.75
678,20141001,4,3,4,1,1175.00,10.00,15.00,17625.00,2643.75,14981.25,11750.00,3231.25
679,20131101,4,5,3,1,2007.00,10.00,350.00,702450.00,105367.50,597082.50,521820.00,75262.50
680,20131101,4,4,3,1,2151.00,10.00,350.00,752850.00,112927.50,639922.50,559260.00,80662.50
681,20141201,4,5,1,1,914.00,10.00,12.00,10968.00,1645.20,9322.80,2742.00,6580.80
682,20141201,4,2,3,1,293.00,10.00,20.00,5860.00,879.00,4981.00,2930.00,2051.00
683,20140301,6,4,1,1,500.00,120.00,12.00,6000.00,900.00,5100.00,1500.00,3600.00
684,20140501,6,2,4,1,2826.00,120.00,15.00,42390.00,6358.50,36031.50,28260.00,7771.50
685,20140901,6,2,2,1,663.00,120.00,125.00,82875.00,12431.25,70443.75,79560.00,-9116.25
686,20131101,6,5,5,1,2574.00,120.00,300.00,772200.00,115830.00,656370.00,643500.00,12870.00
687,20131201,6,5,2,1,2438.00,120.00,125.00,304750.00,45712.50,259037.50,292560.00,-33522.50
688,20141201,6,5,1,1,914.00,120.00,12.00,10968.00,1645.20,9322.80,2742.00,6580.80
689,20140701,5,1,3,1,865.50,250.00,20.00,17310.00,2596.50,14713.50,8655.00,6058.50
690,20140701,5,3,4,1,492.00,250.00,15.00,7380.00,1107.00,6273.00,4920.00,1353.00
691,20131001,5,5,3,1,267.00,250.00,20.00,5340.00,801.00,4539.00,2670.00,1869.00
692,20141001,5,3,4,1,1175.00,250.00,15.00,17625.00,2643.75,14981.25,11750.00,3231.25
693,20131101,5,1,2,1,2954.00,250.00,125.00,369250.00,55387.50,313862.50,354480.00,-40617.50
694,20141101,5,3,2,1,552.00,250.00,125.00,69000.00,10350.00,58650.00,66240.00,-7590.00
695,20141201,5,2,3,1,293.00,250.00,20.00,5860.00,879.00,4981.00,2930.00,2051.00
696,20140301,1,2,5,1,2475.00,260.00,300.00,742500.00,111375.00,631125.00,618750.00,12375.00
697,20141001,1,4,5,1,546.00,260.00,300.00,163800.00,24570.00,139230.00,136500.00,2730.00
698,20140201,3,4,3,1,1368.00,5.00,7.00,9576.00,1436.40,8139.60,6840.00,1299.60
699,20140401,4,1,3,1,723.00,10.00,7.00,5061.00,759.15,4301.85,3615.00,686.85
700,20140501,5,5,1,1,1806.00,250.00,12.00,21672.00,3250.80,18421.20,5418.00,13003.20
